PC1,PC2,PC3,PC4,PC5,PC6,PC7,Crash
-9.181413666911881,12.124892910555557,0.7817317025333302,1.4408780715535778,0.3560518104539958,-0.853642223340041,0.9647265670492894,0
-9.112084680107404,12.323939460573275,1.2915727035912432,1.4456196839324151,0.15270727062506256,-1.1169566128836446,0.8672021476493617,0
-9.285747354042682,11.93785728604511,1.5854368645726025,1.4002318316644162,0.11106436423666552,-1.3283558240477602,1.1071329987218497,0
-9.411032291058913,11.109319113755705,1.0837436275194487,1.652384901008163,0.1844427338853557,-1.5078332164226385,1.0709980363238356,0
-9.348454750370818,10.539884114813956,1.171962955488423,1.7926059325381816,0.007330897987189833,-1.5257591015877623,1.072981812293777,0
-9.243735565047066,10.056283801056683,0.9577223186942998,2.0426881312262823,-0.016310677651694902,-1.4452808121199132,1.0828318965195176,0
-8.975895666808453,10.381520109515522,1.160731435486788,2.079399482512019,-0.20107634543955677,-1.6881400236187396,1.3177845492127294,0
-9.127780353218302,10.681978739832513,1.4506103000424742,1.9548202434251936,-0.3176910423765584,-1.3019545803624584,1.373875448184395,0
-9.43511973511571,10.417245632202848,0.9103233750495868,1.7310203270046414,0.09978288922811318,-1.1253053744834738,1.4248290083243025,0
-9.288913357920402,10.812444261467663,1.2923628601305819,1.2379315111959868,0.1197134150430898,-1.2849778013601831,1.3726536399668052,0
-9.098802192747362,10.34002698156947,1.4992106257104698,1.3978771808149542,-0.0525686758001522,-0.6598349345667464,-1.696371097821443,0
-9.074122174708458,9.462344563608287,1.5642274995368144,1.8103250386816074,-0.1460675997966893,-0.7234539164750238,-1.737968611425,0
-8.876859129640637,8.537837078897999,1.447365225995724,1.6246644965777821,-0.17976450931586332,-0.6742705909095769,-1.7686495133949416,0
-9.095358587713807,6.567509175135013,0.28204432168145177,2.0263899635638345,-0.4269287804467325,-0.8498958555520495,-1.8226177238207222,1
-9.095750019229026,7.041071141280037,0.7890356295909223,1.5850063197082116,-0.5916407445465214,-0.5663588093382652,-1.7993873514525276,0
-8.845648257812103,6.716299867307708,0.6916155125192143,1.8514423594208373,-0.9731753340083185,-0.4970698809148105,-1.4904514297968556,0
-9.149585207152494,6.763159366413985,0.8749757553642994,1.4621642736045826,-0.9041531003479365,-0.7579079077204084,-1.5303707863785558,0
-9.33758612666675,7.277109908709603,1.3233708560118538,1.2431665835263446,-0.9247784992939373,-0.6934832181695672,-1.5155479686464914,0
-9.483447862382121,7.395650421708008,1.8254202396461499,1.1100640022264812,-1.1329146775998014,-0.8539679487403044,-1.5172742758053648,0
-9.337255144608488,6.193086792574846,1.741112931144405,1.7156259377287035,-1.2300371330157893,-0.8814345083201923,-1.2189087350290964,0
-9.541584938015019,6.104748051899204,1.9912836551987185,1.6078908775676253,-1.201508512539535,-1.1427063908635784,-1.225450575464094,0
-9.621382671796624,5.095163539458205,1.9523336961782412,1.7091344291918389,-1.469966286158824,-1.262183038421069,-1.2453992534946778,0
-9.506789553043314,5.76146600281922,1.4013915114688347,1.7457293837254197,-1.2156772849545656,-1.2336043948793416,-1.2593999047421474,0
-9.572856337204206,6.210240668673622,1.5618275617155652,1.437131702141542,-1.3136436176496453,-1.1445485373667355,-0.9135938943478328,0
-9.530710067314363,6.4470045943212835,1.972089514897288,1.3346130506696265,-1.2821884339009924,-1.137111410793769,-0.9417051184079007,0
-9.71431148330644,6.174048966808576,2.1143592742352832,1.3152828094298126,-1.2686339669001583,-1.2028530766534398,-0.9502059702169674,0
-10.058468809083582,7.207984923090547,2.560285486113051,1.3056762865926785,-1.1086174303650111,-1.1222256435207918,-0.9098290384466153,0
-10.033901868690522,7.731142394290516,2.1723346151651506,1.336811019512483,-1.1568695014278374,-0.9689590466323659,-0.8427992308189812,0
-10.039834446754048,8.08596642751147,2.7579264999002366,0.9425086682035959,-1.156387087674635,-0.9575574352501648,-0.5174744099276161,0
-10.173788307585676,8.210704124419266,2.8734468240364164,0.8862600262796302,-0.9164080581705041,-0.9486472942483455,-0.5369172375243308,0
-10.331037224125195,8.447943725966786,3.6277718223572872,1.309645831405156,-1.1534476706769357,-0.9827787192676813,-0.5006266164891032,0
-10.764973834056834,8.430599658254543,3.2532034687306965,1.3730632470369342,-0.9186093975336154,-0.8320101779487471,-0.5011449404694086,0
-10.829014455049448,8.493165116888381,3.0201744254414273,1.6242844893438984,-1.1121426606679565,-1.1740380256678138,-0.3149465670281051,0
-11.36874086000168,8.839282538843394,2.6366264707860863,1.6339405979069832,-0.5057055479891992,-1.1099818889510606,-0.32280877689418097,0
-11.461678691970153,8.715744058749575,2.810993385158626,1.2598952745747256,-0.4471503152076732,-0.9370070839247798,-0.3496437584962429,0
-11.460485289740285,8.128659237872059,2.576808606170843,1.2674554746039,-0.35568886022008045,-1.0398979284219112,-0.36471640227785,0
-11.59976053678152,7.548536040532374,2.7821090613529393,1.4748857453165933,-0.28791755784548523,-1.1503868599882336,-0.10514561954931909,0
-11.241667669211097,7.143387185175748,2.237922367493574,1.559205338144484,-0.30679192618994866,-1.228187412855775,-0.09254746879009138,0
-11.383773855822025,6.5282003675600055,2.32859708113736,1.9851986380898683,-0.3357223827450267,-1.0667226278412194,-0.09517588897906645,0
-11.373727410387739,7.35029935072552,2.0354925699524693,1.4367056618167082,-0.22081143029593125,-0.6147641722631974,0.06331835257628365,0
-11.020155913902537,7.001804214820906,1.444941288573203,1.4040747557700666,-0.2280224998967114,-0.585890256257375,0.09807135589443539,0
-10.71729164741416,6.816673314016271,1.0641770184424064,1.354333130944772,-0.3130903440585589,-0.5297092583493905,0.4175723545828056,0
-10.25943710362695,6.58847482745915,0.4215954294280652,1.264198593625398,-0.31431855185141455,-0.475772454382568,0.4031533045962897,0
-10.31426167757236,6.094086795149899,0.23492135007793252,1.3178601874152462,-0.24203079875648506,-0.46274525666726096,0.43917543864242353,0
-10.20121268430089,5.98335757936457,0.2831801034944669,1.2911592352431733,-0.26789756282310184,-0.5184195140091528,0.41961718465622116,0
-10.069576877714265,5.905568676265282,0.0887186485605855,1.5551638195566215,-0.29230764547962235,-0.2911027960537201,0.7131595712316425,0
-9.845516239849413,5.065060120170559,-0.9674385997805638,1.8521742720374659,-0.12887617368379564,-0.14272692307344814,0.728457856849127,0
-9.894986890892117,3.706098437822464,-1.7714688808111252,2.245846839185514,-0.5275622382609246,-0.13725358075372157,0.7231369432306917,1
-10.659783327352455,4.512376753197454,-1.1210742835028173,2.31147608091518,-0.07416480642129507,-0.2089001344398581,0.6273261866977223,1
-10.433894238778231,3.861764631543772,-2.018819550842687,2.2104694278119443,0.4780284186535113,-0.28547251856359557,0.5167791276308465,1
-10.179057790591816,2.1024223723219104,-3.907340876757814,3.597416990958724,0.664597173545215,-0.17976859605465847,0.762946237195966,1
-11.100064067557911,2.3545032375683066,-4.654330085532171,3.174515519755612,1.08435454352941,0.3309332804505562,0.7955752288313443,1
-10.718820339788047,1.5844852859510496,-5.680436276143202,3.0493796943850726,1.2334887818632772,0.03696169176826139,0.6703830133727536,1
-10.790891503246975,0.25256149993799476,-6.880675769373776,3.5749891031843246,1.7375031951500157,0.5111389579333632,0.6815067513025969,1
-10.237038605835565,0.6634622664456373,-5.4213673332218235,2.1416723372931266,0.6268915298317985,-0.07836301027174465,0.9587297908645387,1
-10.18833978451499,-0.36406460654030726,-6.544676632558071,2.9964683564733514,0.6488355758504383,0.37316351618222665,0.9389752393517652,1
-10.097262883835,-1.3282239431835317,-7.096105312681252,3.3809768092133927,0.7404623401440547,0.5085202817157094,0.9518093576565237,1
-9.732728013495993,-1.789811676411153,-6.732195412552401,3.6875768410663627,0.6139036956538174,-0.042363956674186035,0.8711534436728791,1
-9.13283193271273,-2.2844130728319842,-6.967841621890092,4.207744751684225,0.7705444930429992,-0.5396703697063514,1.0605782213181512,1
-9.114573958964352,-2.127422390555382,-6.793442330284628,4.189648872196291,0.5474408645073318,-0.5123444346375127,1.082214164070452,1
-8.640842760271568,-2.901036368552056,-5.7769200382640005,3.8453722271516217,0.10973167594880504,-0.647934844459303,1.1504759712328776,1
-8.015879261718252,-3.201403326319138,-6.218831347861414,3.184255644864265,0.27525484883545137,-0.5925085786971865,1.1912917731421844,1
-7.750022021211476,-3.3406652461488244,-6.096211437830125,3.0993947710481913,0.20527130251713693,-1.0267681734582395,1.087722785771725,1
-8.094230814175324,-2.4872637534699042,-5.547636897432547,2.210256418927607,-0.20359858946217965,-0.4290988502762358,-1.9698034784947753,1
-7.997389378520483,-3.1250342361638093,-6.240091705404306,2.5516028267508495,0.12005016809560821,-0.26951650546087363,-1.9778992222134237,1
-8.249205373873664,-3.6318419424008654,-6.87697456129976,3.2634647377274923,0.47299304647174806,0.12820472464236066,-2.01047878152817,1
-8.416430355508467,-3.375432519827653,-6.2921058526811535,2.1764811643563062,0.44511079446621177,0.12245572206941245,-1.9312918011183369,1
-8.489800621231232,-2.998127965455982,-6.473461732540245,1.8580201258799969,0.5951079760830137,0.3939543695162954,-1.5955095304650309,1
-8.343829835729336,-2.8801221095456455,-6.272658654394697,2.289437361425974,0.49509605952264296,0.4727378951664339,-1.5769497888725363,1
-8.025340092770934,-3.504383236022334,-6.606128040048973,2.476154049588514,0.7916577670070487,0.5610998553649321,-1.5688495782045022,1
-8.304762644746255,-3.3581474006999996,-6.684730005836676,2.2122161614132656,0.8098997947366732,0.4974206017418767,-1.5609421504027747,1
-8.64096114974806,-3.6350013760409134,-7.264314988946436,2.3644547408161376,0.8684537461995074,0.4710508670235769,-1.3351077596932852,1
-8.643513886509126,-3.265898802171909,-6.869617034873466,1.9231269375867341,0.95147589122236,0.44676179587311,-1.2846305766960278,1
-8.547243719308478,-3.023901693388446,-6.348914985919691,1.5588546575719067,0.8102093501252933,0.47958935699928734,-1.2492368434195316,1
-8.328205411454844,-3.10615956802423,-5.685083625180224,1.7633681730650894,0.4883250037992719,0.565136976681691,-1.1871450078548962,1
-8.089552686621492,-3.3866372926345245,-5.8582419988394925,1.8588601004800944,0.5143121657363042,0.9547952559799653,-1.0827109246101587,1
-8.338783561776387,-2.636460785184271,-5.621872824666971,1.3665185029320068,0.43252729349466273,1.1899972435649713,-0.7151337227181578,1
-8.141495460748493,-2.619374569634979,-5.223404045345497,1.3425032639222076,0.21915867488966245,1.1030077596583807,-0.7026482017685006,1
-8.083730162251896,-2.498815879901653,-5.47039676454422,1.2167893147546698,0.31936379928593345,1.3281108671960513,-0.6437526283113392,1
-8.029073870710402,-2.5790085617448524,-5.378550361189713,0.9929869042137214,0.3976502163706695,1.5053808478890185,-0.6065375543552673,1
-7.875955680293618,-1.9929081121109815,-4.589530911578818,0.45126864899052765,0.1489797211112813,1.597859126640953,-0.23539233312590915,1
-7.986993049153388,-1.8899321861568867,-3.9645529440508867,0.3595414703114935,0.014548582274576088,1.8496506052099524,-0.1537225355839746,1
-7.893153248110572,-1.724132881212386,-3.704223297526942,0.10881950841720414,-0.09007898101970566,1.7987960439021293,-0.11454194901155425,0
-8.277136338019567,-1.4868262540204913,-3.4875840901124544,0.06812694496939523,-0.07139936653346675,1.8923084413277047,-0.10356108739436583,1
-8.355865884840565,-0.9749910683403521,-2.5682411667899494,-0.09534763640782591,-0.2149291140485112,2.2234257180037456,0.3343953837272993,0
-8.502721765557732,-0.5972491233228125,-2.907320462424593,-0.41567546509351266,0.2338022919844041,2.5874964666718805,0.4136085767213888,0
-8.466755754592471,-0.8078747531752879,-3.023393044739936,0.03391858303028589,0.14857986122244327,2.546256702644616,0.40255165684788213,1
-8.344714752384041,-1.196521845759013,-3.2914131422363386,-0.1375325548060278,0.22188593210184504,2.645904253805791,0.47414343478960447,1
-7.950484271960616,-1.1059070757373655,-3.018677601791376,-0.46062088169625115,0.057445905030603955,2.496626151473784,0.46529611910072305,0
-7.762802532605259,-1.5843324191788817,-3.475429796646288,-0.16925267678416397,0.3011424048727558,2.5641653605700916,0.7196235157972076,1
-7.709643701894871,-1.6505611530423072,-3.4033115675535504,-0.4675508330131858,0.21592156094270779,2.487510286729462,0.7441971176651881,0
-7.633821720127251,-1.1715350339301407,-2.578485471850251,-0.6334830009081435,-0.01164187229342847,2.62958116934388,0.8095444836722999,0
-7.706567707599687,-0.6957406564048191,-2.4823092402016473,-0.7941867313815064,0.00901904523391309,2.8488830967139473,0.8471581615489552,0
-7.630293882488465,-0.3971353520091346,-2.0718492830432544,-0.8173465001842702,-0.12877705853823906,2.4394359424754977,1.0378190280759032,0
-7.503226514333585,-0.5373874608646387,-2.3778956465221035,-0.7351014150303111,-0.03729092306090679,2.672452710113382,1.0691270644369546,0
-7.249731223374689,-0.9138450621454486,-2.422705267329499,-0.6438568209615048,-0.09861216867666946,2.472214304915568,1.052617842922752,0
-6.971885578637911,-0.7887980544148879,-2.0705948993476535,-0.7506179509329437,-0.2100158001483195,2.3983037766982664,1.0418822079005094,0
-6.889807439757709,-1.1967760494519444,-2.3861854611575035,-0.3229615880278397,-0.16971445855761932,2.418615064448637,1.3031904835149475,0
-6.853118859675422,-1.0012460072681932,-1.7594320731529383,-0.6966345408893675,-0.21914867057814524,2.4710995275971896,1.3357459554052937,0
-6.737231899296542,-0.9134074622918109,-1.4986018851896323,-0.7503000371451367,-0.3127438547404179,2.3801793968957186,1.3185320035911543,0
-6.744572149245018,-0.732408419439334,-1.2383438307322008,-0.8654910745100898,-0.3057880421513316,2.5416812657333088,1.3518156696347141,0
-6.517070871346878,-0.9277498959886509,-1.6002603778519615,-0.5550770967135256,-0.2055888824118489,2.2851407796533634,1.2630478389212885,0
-6.515564772149299,-1.0334732076741757,-1.2954023828572419,-0.49283296174195573,-0.066404868428753,1.967061050641405,1.4646844208884457,0
-6.5966517893131105,-0.776478159344806,-0.8253719474572172,-0.674597147812102,-0.1705607437977836,2.020047893705962,1.479238593769918,0
-6.681945003223422,-0.4918462059133921,-0.41068076514095125,-0.8326823040001495,-0.3409598517689937,2.07308817743148,1.5351490763316369,0
-6.909264552878022,-0.560628877949812,-0.7549308072076221,-0.6940290004747571,-0.25241931075098434,2.201902210338894,1.5346794936408379,0
-7.080476762158856,-0.9445889719296408,-1.0346691190484685,-0.38431671260075023,-0.11366164525462738,1.877799446264525,1.6977585440932417,0
-6.92831956081948,-0.6699139155361734,-0.3709946032487744,-0.7081469415529761,-0.4350174866961899,1.7844834213002778,1.7238004201348185,0
-6.701425893136303,-0.5795627429770276,-0.07196460340842531,-0.45525375939969065,-0.5241424129586951,1.5407703753035749,1.6883198207361994,0
-6.660522355651801,-0.7752395083961025,-0.1583018398704332,-0.3891179750952659,-0.5263884051726303,1.2956924635849714,1.6129568227730402,0
-6.469946935214612,-1.0152767314428304,0.03262373849339346,-0.39877670430187295,-0.4367323429193872,1.2269786939346077,1.865956980173355,0
-6.50751968665848,-0.8938763229172169,-0.5102227241443626,-0.38817503041241375,-0.49662791068721474,1.4956546535449762,1.9207025450794102,0
-6.702398246630572,-0.5775314792108877,-0.6007231208491489,-0.743249642102186,-0.45047950750727056,1.6551116489972562,1.9424489395996916,0
-6.696943663677861,-0.36869481037330787,-0.8991930697464311,-1.1713029604033074,-0.48225472052915624,1.592516368586283,1.919941557452567,0
-6.848015414009571,-0.04954442713710644,-0.6737932622661057,-1.2686738672229556,-0.42570365711297525,1.4625216347952896,1.8620780053069526,0
-6.726021767328267,0.11389385951962933,-0.24465854913382484,-1.4580161677315329,-0.5377926869182681,2.0395119438326317,-1.1753222917912838,0
-6.597831415324574,-0.00515597393052187,-0.1273208145702566,-1.4009887560048153,-0.6785934005478281,1.805716092101995,-1.2414462362168275,0
-6.551679613882711,-0.0011583147179137297,-0.17261727962408352,-1.3939386746335782,-0.7673011534808708,1.5402397233179885,-1.3048215793445548,0
-6.637103760217539,-0.621831283170106,-1.0429232101561787,-0.8654519584085384,-0.5591501205470063,1.7116191649688215,-1.2970352051876486,0
-6.6444551270588335,-0.6347219078133481,-0.85038822214589,-1.0757419878921062,-0.47194701774698083,1.610550521313918,-1.0405026079959736,0
-6.724136931201845,-1.0000683926973828,-1.378474209532834,-0.8408026546048621,-0.28690006643669075,1.9027664744292023,-0.9887949912807421,0
-6.679930157960605,-0.9166442820679522,-0.9559243074413469,-1.1636772584508017,-0.4256233315528136,1.9106162778956113,-0.971668752510408,0
-6.6216049374871195,-0.8082460895346723,-1.0125969224128868,-1.2890268367474023,-0.4130556163629075,2.015300127026854,-0.9507202875729528,0
-6.382686642900166,-0.8767218878346618,-0.7374065620315422,-1.3382398829740632,-0.4298722166494789,1.6254183651343552,-0.7594195766897969,0
-6.412736668448144,-0.41994404105218375,-0.5436044783270136,-1.4629129036186774,-0.5240316618682057,1.5742647753493666,-0.7559605519288985,0
-6.3598280576887785,-0.3036268599135492,-0.4141567013856367,-1.3984451462335943,-0.574228007429464,1.6151646500181633,-0.7208021788598094,0
-6.256324422975389,-0.24910913370241647,-0.55071409248704,-1.6247784392313975,-0.4931967019096993,1.615461334220296,-0.717690100548934,0
-6.324960867963316,0.01735681792074802,-0.5725568502523067,-1.7683252540046952,-0.5222802427233768,1.828417308016652,-0.6850012909432976,0
-6.341131986923784,0.41783957825733653,-0.20888574074271016,-2.0233929831773647,-0.3358599221846037,1.8428962300486134,-0.3858584176374181,0
-6.177569385639352,0.20221659531027156,-0.09567030150301743,-1.8118938518817176,-0.446469291739822,1.8655553444617836,-0.37640287503466385,0
-6.105501181306973,0.11306749117922187,-0.17614120073743597,-1.8525603849100376,-0.46317295537484626,1.8667116565686457,-0.359083874367282,0
-6.051554688950642,-0.1927140645465678,-0.3435391684093182,-1.231821405486495,-0.21317566802035853,1.9550888756753908,-0.3659396905302657,0
-5.931395839478459,-0.5229254116577593,-0.45181542170066247,-1.0676691587707408,-0.014736290448999219,2.272523003700191,0.04123906863466418,0
-5.967592346558529,-0.9104209392839617,-0.7437783098817385,-0.6888359756886564,0.04259278768945735,2.433997762811276,0.05772457932801187,0
-5.73263131741495,-1.303817024718681,-1.2052091400737064,-0.13509583372164136,0.09810779188152284,2.483361278795476,0.02079646465298793,1
-5.7122140409561135,-2.008088357765474,-1.7982864558168175,0.21197390420321643,0.4566068794219545,2.16666422090611,-0.01771403978682631,1
-5.849124217614933,-1.6731989496425967,-1.3451728186144496,0.11510331831422854,0.42313051164557697,2.190001781872959,0.2525944507524532,1
-5.73993328801106,-2.0561761653897115,-1.4474539815125846,0.054048058656553884,0.598187029013966,1.9719959532603901,0.18954215229349758,1
-5.702549106752035,-1.531167072230953,-0.8847154728369298,-0.6411738187469156,0.12890803671234477,1.7932618946362147,0.1841769175637405,0
-5.5451212978446875,-1.6013783203013934,-0.7961472385774193,-0.4842901963554847,0.08982018855954545,1.6079506950980271,0.10391491989815396,0
-5.59374558740656,-2.245363567993672,-1.1855662727315377,0.17650145139900322,0.3529882661940787,1.506491061890766,0.04673611440944253,1
-5.552046406806962,-2.1486750240993686,-1.306581832858892,-0.03469506404305843,0.278888955407604,1.0228468572730216,0.23075325265670882,0
-5.519446176291867,-1.7432287873077816,-0.8598810473720416,-0.6101276918924102,0.12411157313924967,0.958432426300368,0.22691602385098242,0
-5.514015001994358,-1.9905749152215464,-0.8505389917948462,-0.4495129636181861,0.041212171714310346,0.7317335605602118,0.18404131568861098,0
-5.545971818489862,-1.4828161469504109,-0.6663491561452842,-0.6340923062528829,-0.15580041645868495,0.7677794770015733,0.1981283466699603,0
-5.288387393315395,-1.6436448588945651,-0.10501617036713855,-0.62561225008682,-0.2728109248250575,0.5295216984282218,0.4740571000997834,0
-5.14562608563549,-1.7839914923312987,-0.1947193069420018,-0.4941345568156627,-0.25916630489750664,0.5015091167954067,0.4760995952220439,0
-4.896022746777329,-2.055357098341017,-0.3590226514229659,-0.1698668259970742,-0.08466156258271818,0.3689904635861342,0.435481421038357,0
-4.660308601621369,-2.435007217237936,-0.737604955701303,0.24784914856251658,0.047427754569705244,0.30659991128437997,0.41887403634859305,0
-4.6733544213382805,-2.5033664533644777,-0.6495623382651796,0.2116110235578811,0.08115492782778505,0.08400241894515387,0.3567225544000668,0
-4.828619560560936,-2.149164267077323,-0.26609160532088905,-0.019977979531737435,-0.11388709658743092,0.11047021253340435,0.6616758628413666,0
-4.999279659470878,-1.8726163412516132,0.14480851866634237,-0.23090942557732264,-0.26286305466753596,0.02738669901413244,0.6599950954880185,0
-4.878289137694098,-1.91915978008341,0.12456976013524425,-0.12147724019436357,-0.3511002465775734,0.0021572620197376296,0.6392517583091386,0
-4.626333129215612,-2.0621040929653938,0.4753120413193781,-0.008983789858975815,-0.22552326845771464,-0.11425001201582334,0.6350613938374136,0
-4.6818122455538616,-1.9426222376122932,1.0046797035808752,-0.07031717776818629,-0.2592613650848522,-0.28337639748051185,0.8818117488795715,0
-4.522579020321084,-1.992312232008405,1.1414137462850844,-0.2482892271177385,-0.35593934184656995,-0.2912743682184472,0.8956178666846761,0
-4.685280977336535,-1.8333866769962248,1.0364241212197616,-0.027114436166053753,-0.44725280425036157,-0.009595002638203011,0.940333431366873,0
-4.846161616244292,-1.6142743558817048,1.2550646096594236,-0.1709983141969817,-0.4299446970157153,-0.01864182094216627,0.9466939093573755,0
-4.833431945790827,-1.779871500880264,1.5515765376292954,-0.049914086603178705,-0.371570563706264,-0.04788220312366202,1.2424750773447482,0
-4.776923236581504,-1.5894385288390482,1.9814588527104189,-0.39871622849168004,-0.2957405094311606,0.16104014545558115,1.2858976110036004,0
-5.2962749393966675,-1.4988836199992883,1.0619298532950507,-0.17867573207114437,-0.2070987457839227,0.3431818136784903,1.278257803106017,0
-5.152025678404204,-1.7453149633010507,1.1103425557854476,-0.20296748394421676,-0.1856718123495119,0.28768217162989707,1.2759944530946528,0
-5.4094687119952525,-1.8935458408604073,1.1094150650241723,-0.05867325470668993,0.15414756273295083,0.2573153496239169,1.232227425566313,0
-5.557294082296987,-1.2494613686974614,1.719148212624577,-0.8062275273665288,-0.07934218207885477,0.5401532406086497,1.6084019752205294,0
-5.902369511995243,-0.7887885344408199,1.6840738845215437,-0.8947936194972187,-0.09344043823706849,0.6942399120923155,1.6304400279229387,0
-5.635902910529336,-0.9168189616425401,1.7447262053454453,-0.9774515709242793,-0.011836301939019134,0.6868852861760857,1.6510305547100013,0
-5.7021901450519294,-0.845158867190359,1.7518846811159665,-1.1764090016566897,0.25753070662906363,0.8366282453217149,1.6642086191214553,0
-5.438291137972577,-0.804104043087384,2.0841134658564955,-1.2115325132375419,-0.025105946428706137,1.5107829318257087,-1.3337963227594234,0
-5.568342473740336,-0.8670083701822722,2.1353172307449686,-1.3687363238320447,0.007126368307977784,1.7746626466470312,-1.2848925035996412,0
-5.708803571288542,-0.5353864114456776,2.4631555529720974,-1.3793441963727515,-0.2696837188716015,1.9058286341550037,-1.2353066105913828,0
-5.723966009084489,-0.6417081559432164,2.167844435355031,-1.111222586538601,-0.22661603998993535,2.133559499309071,-1.1749881114310443,0
-5.945411046153561,-0.4489916915323554,2.4436963210686224,-1.1731298558578107,-0.301093818421021,2.028108404331538,-0.9220059902800615,0
-5.997693419242722,-0.10621112752878152,2.2561132433203936,-1.569577247763331,-0.11778073146524122,2.3526175090891566,-0.8610087748039522,0
-5.972690720181108,-0.09480645671466617,2.1793032353367505,-1.2863857348422902,-0.17493291415687728,2.2611438974178304,-0.877620875915615,0
-5.852186740949678,-0.45782889352964434,2.4536301149177957,-1.0160821114375276,-0.13343904118535224,2.2485283816737756,-0.8898920813324541,0
-5.898183706621906,-0.5205747589508142,2.9390592869202803,-0.936227405475045,-0.08619535970612438,2.131038679583603,-0.62058562523001,0
-6.112766644540341,-0.3449466392461292,3.2690102851042036,-1.2066742577483467,0.04340576772610054,2.52597210681496,-0.5092708106558318,0
-6.046002107801604,-1.1182740978608532,2.6891240303027546,-0.6234566238935229,0.1551649668921724,2.4373290979486995,-0.5402663408647661,0
-6.145492671155942,-0.8300446564942602,3.166729755835188,-0.880351246242558,0.057713312488584176,2.140292617156126,-0.6013265763331438,0
-6.168936836802078,-0.4383602349548333,3.103264250762884,-1.2505623835397812,0.14641402854815677,2.068464314346131,-0.6298458443176175,0
-6.211224091743858,-0.11624595085535452,3.5380026854575712,-1.3653534428053515,0.08705039088741437,1.7130902418417358,-0.44591077143871394,0
-6.2489579444377945,-0.3388608759045747,3.4654121850903885,-1.2723978301790817,0.03850144665612863,1.7614777739383782,-0.43131157846401097,0
-6.11332497062348,-0.6762228685649381,3.648345609470042,-1.0788168697969833,0.14612711299818673,1.514734654328876,-0.4595466471686398,0
-6.0054884232178285,-0.5522430617562172,4.067756915451454,-1.0480456083376966,0.07541996277585553,1.3155816015684467,-0.48582341262250034,0
-5.8516492428174764,-0.6725819558184045,3.9383788904815327,-0.7651163194608753,-0.06026622444135146,1.1194352937291414,-0.25005574792710367,0
-5.559071334727981,-0.959640422723653,3.491086058338482,-0.973957226021699,0.020550292156699408,1.0628747727178938,-0.25947851838400077,0
-5.557313245192061,-1.2064751186564056,2.9073080866205547,-0.5755053250884783,-0.024659650752988677,1.0201458659152611,-0.28501121790722833,0
-5.603627014393794,-1.355096813409848,2.90166122448709,-0.534607024515474,0.08084174352925079,0.65391021625418,-0.4003689558489336,0
-5.443954652059988,-1.27759316134481,3.43561897649772,-0.7020818155631875,-0.0871998272615777,0.33811078643546655,-0.4484065012755631,0
-5.62650556126053,-1.589102973853298,3.145453383264702,-0.41710696137414555,-0.11341692256728918,-0.2192705549441643,-0.36168289468797976,0
-5.767916553346514,-1.4655322222836127,3.019239416468758,-0.41190262563488955,-0.05652718302026765,-0.29683008364072,-0.3783164612926929,0
-5.628603269095132,-1.8154421891233912,2.6791466610804178,-0.17878025323412142,-0.020703740615523183,-0.3195865350501135,-0.40215871551873633,0
-5.651756571724665,-1.6939518260392126,2.4881390987772645,-0.4244810466207981,0.20720581531716242,-0.12654321248761444,-0.3606954820282178,0
-5.666728267148851,-1.3223874858077358,2.826207937940348,-0.6062365771594146,-0.015263372247401145,-0.21494370934949195,-0.10220647828140877,0
-5.5283862010230935,-2.025883981745474,2.880550987619336,-0.26091709574099714,0.49517105543800455,-0.7418694057363222,-0.22326076879439755,0
-5.581617781053995,-2.0256356942158305,3.063276560187344,-0.035695140180914284,0.5849158188041852,-0.9361798730352601,-0.2779368706800849,0
-5.567512377807204,-1.867816799056973,3.3279604827769558,-0.1258262321814835,0.5267298923413032,-0.6415605833722658,-0.2171818739427852,0
-5.369332319825762,-2.672378169506936,3.184965678966581,0.46833286597535306,0.9907585600126693,-1.0978058885722708,-0.03432569248282376,0
-4.97004250733263,-3.9595600911412676,2.0508356081867096,1.3539805685880952,0.9657480244098884,-0.9261362719161561,-0.0025053954330790484,1
-4.959616974369226,-3.8803300530896587,2.594566245886817,1.2144053100506618,0.9174104433701722,-0.9064885974007902,0.010685714874560093,1
-4.844887004460711,-4.2711967698263305,2.5070544244291497,1.5434730541709054,1.2196539161263433,-1.0633365031236812,-0.035184841167386696,1
-4.903495066657722,-4.112255748634263,2.7633960002775524,1.2762734877204522,1.2124006158006493,-1.049935203452242,-0.022082627436782142,1
-4.804304927199388,-4.581732916600884,2.6372031617658993,1.7369076192506703,1.748376290401077,-1.3724676293308133,0.18009660161887603,1
-4.951731760917626,-4.602721698125301,2.500854418854747,1.7055881143600866,1.8681156993205914,-1.4291877600564795,0.20105472363309146,1
-4.7081562913792565,-4.5383479594377025,2.409367556656066,1.5525959260515816,1.6759588585450216,-1.475738894463094,0.22726029094352979,1
-4.925397985233733,-4.376759172162703,1.5812395779249044,1.5828200230324487,1.622247028685994,-1.3271491258654127,0.29906740286408157,1
-4.755391919292395,-4.779288749157815,0.8520157189799102,2.0493160577004836,1.8077763340434758,-1.5494045720082155,0.5698661748906343,1
-4.966597129383531,-4.099395152536171,1.7314464622441565,1.1928260347390514,1.6471518653363852,-1.1743043718006088,0.6686870397422079,1
-4.956955736630445,-4.083889147119495,2.004335416581887,1.14013479534333,1.7139113245503987,-1.2465853573371852,0.670359485683235,1
-4.883416238136405,-4.071972976700764,2.473191998529094,1.2439272126889556,1.725133373395727,-0.9979385872236095,0.7386651811357295,1
-4.704932819012886,-4.314172430755459,2.4555571969470678,1.560282390082389,1.9738005129442808,-1.318939243056847,0.9355344821975282,1
-4.824281103677747,-4.280602377806554,3.250056579675938,1.204484094067948,2.2853941654862275,-1.4547855269129513,0.9290636115370772,0
-4.86190856152059,-4.479705699069514,3.057128545726836,1.3673484472635262,2.5362316408427907,-1.403005304595878,0.9302212318607096,1
-4.988209466044079,-4.7122796450168964,2.6088747270951553,1.4832201691223326,2.577755726124311,-1.2680338687964265,1.0267837199350665,1
-5.169875347243928,-4.5780818526509774,2.72367311892511,1.3880117740817886,2.547643175805106,-1.2003319869688929,1.0477177647080684,1
-4.628264125958997,-4.266280758582668,2.8483919267644566,0.9874526669869588,2.054832391943584,-0.5505027355831482,1.5007761470214949,0
-4.649435406093458,-4.490810640700225,2.5751044252829773,0.8570045470447091,2.1853994304166107,-0.9579236119711645,1.4487369481279648,0
-4.429292077088263,-4.510662166305461,2.3849290596674155,0.6611806603959752,2.038053003104613,-0.9536973230024931,1.470393068875552,0
-4.471015722006209,-4.341759575248406,2.5098746752965,0.3391894524706113,2.1423258063552106,-0.8457132126390497,1.5047342836195121,0
-4.331503042876598,-4.213483351467631,2.679560551932507,0.2574443422319123,1.9351388983357587,-0.28932824630998205,-1.581363449073812,0
-4.297397291881931,-4.333174737058103,2.9322199322891023,0.10239210844520187,2.0951472789349626,-0.16883447174398786,-1.567769441836904,0
-3.9255554880699055,-4.390047927041265,2.8760213854648544,0.25348619004220185,1.915871600075151,-0.050057101686843616,-1.5811976144388407,0
-3.9973434629552522,-4.054179472609175,2.9292294839272732,-0.12312306020286666,1.6219963843656495,0.20306617271168972,-1.5372576816440255,0
-3.567386016819435,-4.336727463323299,3.21309420251572,0.20135456288026607,1.6360519880059716,0.0049369828269043145,-1.5908877493843694,0
-3.584457693135242,-3.9214686638309395,3.4930266532157104,-0.10954478130199521,1.4007818348826186,0.5180557131861733,-1.1825727057544582,0
-3.5052147328643506,-3.8544638558019155,3.3414033269008963,-0.027754619604431693,1.402376719175514,0.47571106582533823,-1.1929536505615626,0
-3.511079704069491,-3.633972305065911,3.5734867795029746,-0.2495471295665109,1.2480617509029432,0.5607889343372169,-1.1810314182343373,0
-3.2384262556559618,-3.711897508703653,3.7436451751636635,-0.13728853746306832,1.2246654766059393,0.49467666219867495,-1.198796081815855,0
-3.2742416229843516,-3.7528949095421886,3.160721114011518,-0.15937604392994684,1.087067776407684,0.5475350850302104,-0.8844245581029271,0
-3.2317980960444928,-3.3110574267221256,3.4190219312912635,-0.6263968988433208,0.9483401562557493,0.5604947317624595,-0.8648866874240345,0
-3.598260756003817,-3.061179420096411,3.145249978841453,-0.7649303585342921,0.887669060571794,0.682857508379176,-0.83370360786871,0
-3.4734646921070294,-3.343656977898772,3.379131124806636,-0.5661289523452508,1.013760805439163,0.40154249703834544,-0.8895960622144533,0
-3.5411244627312604,-3.3314514027129327,3.1743280223349957,-0.5812125317815227,1.1529339118752722,0.14690547259640813,-0.6784403306651038,0
-3.4940960964994603,-3.9728106267429077,2.878731819539459,0.029996558758489993,1.5075251192275352,-0.44238631878545265,-0.8280708546022834,0
-3.43749773030147,-3.842991777423937,2.9062663964242805,-0.11969508860007905,1.2887858615918666,-0.41814357232477717,-0.8126021163632592,0
-3.5069838506848434,-3.931580510304635,2.848124282755802,-0.08430350605736485,1.3006114394029422,-0.6869460652164417,-0.8711321582749014,0
-3.341621769053985,-3.890464774849239,3.051460951573385,-0.1420417774616732,1.2468009520378358,-0.7193008423727988,-0.5778618698649605,0
-3.196635692916943,-4.147919648324942,2.3744742400345284,0.09704794551354655,1.212519935930717,-1.003854631792952,-0.6465139444385427,0
-3.2872892644399374,-4.378271943133823,2.052482154603165,0.3004258506189948,1.4817343174415725,-1.1114704254696488,-0.646283635167045,0
-3.217681070371958,-4.524719462104298,1.788242387195427,0.36481131785464693,1.5036803990660925,-1.1059258086804273,-0.63999476041308,0
-3.171301536730914,-4.58367754474328,1.7765696185329138,0.3563573980246555,1.6428921779603614,-1.1954817732147636,-0.6494199163016848,0
-2.9711196134851603,-5.061415536529676,1.3985301746801024,0.9096734300362803,1.7851235564433106,-1.675936726607403,-0.5228845202178424,0
-3.2109365044791907,-4.776432823545395,1.5857099402419488,0.7213567555109213,1.8279939002017531,-1.716098342854106,-0.5376677814144506,0
-3.111457715314443,-4.633507369295695,1.7611566900343119,0.575519949655427,1.6134646129258876,-1.9047940406758963,-0.582035440571202,0
-3.2069458445914982,-4.691460051475792,1.3834306906566791,0.6344321083974784,1.7556554202195003,-1.9816859634189987,-0.582293167147451,0
-2.9139673307904483,-4.303781941669658,1.904201470927876,0.28026150101444625,1.3172090337999707,-1.7289892367545034,-0.24063438537708093,0
-2.8196168065941642,-4.5777712672335085,1.6890491986445413,0.5292049126906684,1.544944835156158,-1.940861773408921,-0.2633184725690637,0
-2.7283833096460293,-4.651574774852971,1.9519701175341526,0.2437490590642801,1.5689789209925293,-2.0018848989694216,-0.26431457294063854,0
-2.95035635029206,-5.007764845227102,1.9269914340567664,0.6513545962710495,2.0220908874061925,-2.327148658679745,-0.3389301217616466,0
-2.704346186094491,-4.719548138204745,2.095380559810334,0.45574053544913895,1.6471194135696623,-2.1558767909546415,-0.32322579678992774,0
-2.730511403627892,-4.354744844629374,2.302913565219904,-0.007439100114866156,1.4452301372842091,-2.01678288617158,-0.01122410656977536,0
-2.764132378697479,-4.242046422449846,2.3049235397774686,-0.13724629626784268,1.4231551768733193,-1.9575114942870644,0.009685089899209343,0
-2.781669893059822,-4.115711695934778,2.462167817837346,-0.23095691902104715,1.2986489674304948,-1.650405646831476,0.08141809301029973,0
-2.5840943405617924,-4.4414293505186535,2.524968138272037,0.050171547147067584,1.4181130274577214,-1.7845687480445014,0.06305106313330361,0
-2.478030931687635,-4.60401854552716,2.453706931414211,0.14738343107762567,1.3326315509172493,-1.8898691871061264,0.30772948300684566,0
-2.517547957680149,-4.284263496226685,2.785639886300081,0.013061055165108646,1.0869440105016683,-1.6399350418905523,0.35569559840298515,0
-2.506511601881346,-4.0950129386535545,2.8929639473242594,-0.08023218192544872,0.9626306413190318,-1.698916919006535,0.31368212911466314,0
-2.385185685786984,-4.177208427100392,2.7647301409861025,0.0881733635770004,1.032244445197988,-1.6652493509230748,0.33261605766585123,0
-2.2884377628749237,-4.339703042286676,2.798698400372739,0.1577266433348447,1.0960763755618423,-1.7209967640285113,0.6101380962313359,0
-2.368982363049416,-4.288199576106378,2.8331284518378603,0.07094673154483545,1.2119045884722301,-1.41608659071594,0.6993481006585324,0
-2.3178390004360514,-4.104307446486151,2.832537315514256,-0.02267493705723681,1.0182430687022346,-1.3237487901357001,0.7391916253659809,0
-2.32406915573614,-4.080720565545659,2.5417682271877755,0.18691373516565152,1.1076301450408113,-0.7874113114138402,0.8734484545461834,0
-2.278381673656157,-4.153930278102889,2.5189967100754926,0.13569443466664544,1.1449706974467762,-1.0323839124603675,0.8281194841595673,0
-2.1787746373696057,-4.08557301426604,2.5857958575472693,0.03802551261338909,1.1033855509715218,-0.954687159600462,1.1287149140012087,0
-2.063139905524929,-4.422426932290518,2.453088797584163,0.1927704403124516,1.1767513338515563,-1.22379998570446,1.094370696667926,0
-2.1278607663894977,-4.243485957465584,2.4108972459690836,0.025528643349779855,0.986047936419433,-1.3388832573428295,1.0646483613827125,0
-1.9894894221093318,-4.136564276053624,2.504313082124128,0.12502986221089116,0.8867790318699634,-1.2690697048146484,1.0750089140296266,0
-1.8493698844846238,-4.0217827811805815,2.4656786062508926,0.19232529933334705,0.7237421865719458,-1.3112501507144045,1.3703540576764432,0
-1.7968366524541366,-3.9737744395834786,2.6186242266740414,0.0864964833599457,0.8129829266493508,-1.1936813397227313,1.3917704254744618,0
-1.8795029306508657,-3.647009373079364,2.562171985437958,-0.11427721004023193,0.5665986488155188,-0.8847734132668197,1.4662509003898923,0
-1.8279113876314579,-3.6536732707093766,2.477692783070647,-0.022266834563879154,0.5933081022697633,-0.8534616281962565,1.4602262240821253,0
-1.7427899502488984,-3.6458641992105396,2.627811083806313,-0.14981730206737318,0.4427416048143676,-0.3298457572592231,-1.6025279701685908,0
-1.7805843902696612,-3.289675442533858,2.700552231425371,-0.5084535708148009,0.20736057337355535,-0.1743527894190316,-1.5723668424179285,0
-1.6239057850474143,-3.218456102781627,2.7834068714557505,-0.4566179015647812,0.09074395026623856,-0.14331831753626528,-1.5710472310395942,0
-1.6027903791776714,-3.161910887582718,2.914846786116718,-0.5142998403668172,0.10113116049744329,-0.17931439963519147,-1.583206348844973,0
-1.7805006410422943,-2.8870397074206564,2.8143539653645493,-0.6293724929354602,0.004839664404753024,-0.15346447273146846,-1.593215140515599,0
-1.820950269337219,-2.9857175499001554,2.8416075305179516,-0.6305409726875226,0.12188138317370245,-0.12167528942982031,-1.3005757594628626,0
-1.7546157671628948,-2.9587351654715297,2.801533594187579,-0.7710608696612328,0.11862481715816584,-0.1591062414777042,-1.2877516473209758,0
-1.7131172973241233,-2.852143652841626,2.656391172989465,-0.8837917900873081,0.08009181208429747,-0.01969236252690298,-1.2480299733441145,0
-1.6742671047310431,-3.2967788802714764,2.396326432892674,-0.42821263174471075,0.46034875523142543,-0.38809149687168243,-1.3589398894037201,0
-1.4027995113307785,-3.024596072356432,2.393477727994687,-0.6858150592398776,0.270459640686849,-0.13368744341777702,-0.9592095491455912,0
-1.4038626463275383,-2.7785141852085657,2.410073342798339,-0.8457462392227215,0.1384704948538243,0.0023010857035890655,-0.9376000282708218,0
-1.2727822241586233,-3.0469761207118307,2.365304047938636,-0.5961500626312676,0.24872299501295292,-0.11400866852083426,-0.9475337821095514,0
-1.2177010654099487,-2.9879505876514605,2.3427352956924286,-0.7811671931492872,0.24650210751513163,-0.17980162888234277,-0.9530726380025673,0
-1.2206293578187821,-3.013534786847976,2.291723677191097,-0.7276925658725438,0.2632222675082569,-0.47870272447648554,-0.7397130141254459,0
-0.9278489265176196,-2.962069049323442,2.031409367893943,-0.5184862436513403,0.004809313575973662,-0.843477910338505,-0.8316525675532841,0
-1.0357631462759118,-2.7516234848307315,1.4557966716052841,-0.560768777873114,-0.2973035382655129,-0.7846779592504847,-0.7616642458564026,0
-0.8135020857293949,-2.6748180577322502,1.3669227981826886,-0.5888218470802004,-0.4718640009962572,-0.8085949807282418,-0.7721960552034128,0
-0.6967548649205614,-2.621538509561485,1.816627805884399,-0.47977772525553997,-0.5253908348569556,-0.8416577608183102,-0.7961314081086172,0
-0.7684513417940517,-2.3325201186184192,1.7395276600865661,-0.6023860467797206,-0.6858469592474052,-1.179523699361095,-0.6144578868564478,0
-1.0017044213611972,-2.042566744527492,1.5289206409169496,-0.7322841026536259,-0.8235610145106929,-1.0743019216559575,-0.606560368257226,0
-0.9539888343661539,-1.88307140816114,1.4810098681223698,-0.7514801685924221,-0.9842825951555935,-1.0351991319404064,-0.5945110542031871,0
-1.237484455569614,-1.9009406010544525,1.35909249157625,-0.8780867850182014,-0.7764465674364835,-0.8177963655290511,-0.5575107384687782,0
-1.4575522129493703,-2.145698290020334,1.279074985542006,-0.7138082192019944,-0.6459247142460671,-0.8202591720127431,-0.2674401201439186,0
-1.8022891405718107,-2.294020446735073,1.2040821540570616,-0.6560195582145433,-0.48047727535106033,-0.948009200616867,-0.280876795928638,0
-1.7920760918837755,-2.34340685886041,1.3523061821289257,-0.6883216895607972,-0.5026859136610194,-1.0648727974370633,-0.2903075867227012,0
-2.6241070995341853,-2.137395514331068,0.6130378118080341,-1.0710449144095398,-0.14008615025790985,-0.5995615532276525,-0.1755460856208411,0
-2.123025009479296,-1.9031524793295094,0.7281516736809733,-1.1547416231742482,-0.47884330672941594,-0.41423110263591456,0.2106652582842069,0
-2.0752651329349674,-1.7238958335628827,0.7540525288233164,-1.5938311480187495,-0.4928836870647413,-0.2738325769478163,0.24391877178002602,0
-1.8914110924750245,-1.7701129984782802,1.2871754461920646,-1.383626492663662,-0.4515976823038302,-0.2557090446170222,0.2516186263966319,0
-1.772671451177833,-1.6870367783105633,1.4783421362629476,-1.3958438948948844,-0.6243792459016018,-0.4352161092188488,0.19998032548705524,0
-1.909457648632892,-1.8004622993851616,1.257166594220014,-1.4191852463707326,-0.527214068834244,-0.38668467021922803,0.19118140032902717,0
-1.902975145927565,-1.6204691792325285,1.2028431963305266,-1.5124052322394514,-0.7328151201657694,-0.4841387062126933,0.474147233600536,0
-2.0204801662953495,-1.5169248432945845,1.435104855911125,-1.5505967252367856,-0.6345957744287143,-0.37856714548458154,0.4836250427534261,0
-2.2528156931855983,-1.7171010662454995,1.4041049196580557,-1.4312723214703602,-0.49070513663785886,-0.37819727695635985,0.4669677157673052,0
-2.2487025385680943,-1.8630748081191786,1.5566718831514583,-1.202296118277185,-0.2993021051747781,-0.5724416734169652,0.40467819058366794,0
-2.356895210132076,-1.6367965207449124,1.3451100378841976,-1.3226022489208005,-0.40195592083637527,-0.684789755307986,0.637719898071661,0
-2.425034974801823,-1.1401145338799985,1.5381240361045203,-1.4966639125414354,-0.48583294778285346,-0.28356926014769696,0.7586084707660066,0
-2.2400133816416146,-1.1684011739730422,1.520356494190015,-1.3793594424190743,-0.7105664789295488,-0.4432302706371158,0.7407708672077971,0
-1.9121195642979112,-1.2322248537076994,1.6245027059626462,-1.2760718272869376,-0.795507075152862,-0.514051683013522,0.7516069459014152,0
-1.9425194935654455,-1.2516840258831021,1.520249428197147,-1.1787673520126134,-0.7328251584901871,-0.6711635480780351,1.009244962357767,0
-1.9920227378098803,-1.3508027451204896,1.6225957306408276,-0.9058485693264693,-0.4917766847150268,-0.4784702811916995,1.017221954991724,0
-1.9622923460176263,-1.0106966027703324,1.5051887134404354,-1.126590082172705,-0.7417284163440909,-0.39529775648588095,1.0309313926884764,0
-1.4682771071982545,-1.146556987771098,1.8875900243823538,-1.1196473565881215,-0.9364793014412967,-0.6608872135835137,0.9955793131601265,0
-1.4148001404857622,-1.2287391053571757,1.8203008512657324,-1.1065830859693193,-0.857841267776218,-0.7222994494307452,0.974808692215682,0
-1.5025983669687095,-1.1402020173441731,1.498333622314849,-1.2626311388234133,-0.8978294452433423,-0.5742287751923636,1.2970865543247299,0
-1.5599325297927673,-1.043897218516696,1.2992461090174745,-1.4882205211565027,-0.9261962091822514,-0.3848304705392367,1.3565905941794858,0
-1.3923995831128682,-0.9754099051231138,1.43796872140138,-1.3370985841081244,-1.0546280551533025,-0.4815371496923997,1.3240252203368645,0
-1.3655912407843143,-0.9303094643786172,1.3645896549054586,-1.405654144476788,-1.1924847620488146,-0.6371227069130859,1.3088333587930943,0
-1.4943602103826388,-0.8085886211271396,1.3429386441296398,-1.329728318460336,-1.237214074696265,-0.5451018648004302,1.6455681768230124,0
-1.5463069968476435,-0.8098568521979883,1.5213868739817824,-1.3111798647247426,-1.1689946201787789,-0.3084243601330665,1.7084604512227495,0
-1.6639834738459667,-0.8653523214204226,1.2622391526574905,-1.244205698303872,-1.114293706717642,-0.38332471768642196,1.6806762981528922,0
-1.700840698824594,-0.35255791171373585,1.3866423827072967,-1.6618940269458082,-1.1965508683207078,-0.2537522178580341,1.7423399266400335,0
-1.6565954972827641,-0.20888501427561096,1.394602298208586,-1.611561139675199,-1.3512249760363761,-0.1031238251425921,1.7814435032966007,0
-1.400988908544041,-0.3940776951539723,1.1754285053911573,-1.775259729046556,-1.4575202674136647,0.287110897921578,-1.3435278685582794,0
-1.215554081724248,-0.5057097104247099,1.1965684188326269,-1.732291180292831,-1.4648081897968872,0.09640601543325185,-1.4061953192433894,0
-1.1425769423127348,-0.41465599521032515,1.2252935778270075,-1.6534568046328286,-1.543220371883255,0.08782909701464454,-1.3965503577871023,0
-1.2439361169476202,-0.8972093635176525,1.1167956408137103,-1.5125247930292491,-1.3310612806299993,-0.09912454413122411,-1.447719400556332,0
-1.2314686333907507,-1.3058604542244785,0.9304292336713761,-1.2448511643928397,-1.1854241666633196,-0.3452356531283919,-1.2515639066456987,0
-1.0743227772159563,-0.9564259072213539,1.2476682026330148,-1.5562468964679115,-1.3955383611585077,-0.40865390819883063,-1.2593647055755672,0
-0.9609470671882627,-0.8956051225871793,1.4543999611237615,-1.507859548207954,-1.581281062089608,-0.5593992722744725,-1.292580283187046,0
-0.9199896548198715,-0.8506520840640605,1.4158356355076016,-1.4821765799653899,-1.6008772943008966,-0.8886838786793362,-1.3874818726716687,0
-0.8452601911787556,-0.8206443473803553,1.4202770624509193,-1.3835482273178972,-1.5951813081251094,-0.859115592537148,-1.0719001262244845,0
-0.9463358142910401,-0.7675998672753,1.2930472061312734,-1.370133114748833,-1.6038689556853667,-0.7123898144505036,-1.0324665604074224,0
-0.9063526086800459,-1.0307830451344047,1.3712269813728841,-1.2694380667316478,-1.4647435745495794,-0.7411046053031993,-1.0334414926381872,0
-1.022291160498078,-0.7962003627893951,1.2428035637690924,-1.49890589538456,-1.3717672480273693,-0.4927060110007355,-0.967266904202698,0
-0.899414669496178,-0.49662624043208725,1.2806664362541829,-1.5931476185264002,-1.5061371490044762,-0.44865952939989573,-0.6704102956544462,0
-0.8994298483898568,-0.7091792950487613,1.502611744787123,-1.4810748058541454,-1.434781780754592,-0.30811593864821973,-0.6415434505213103,0
-0.8274470287645123,-0.9895268794744729,1.4290263565375325,-1.4304985680536866,-1.3397680922620576,-0.3462519380515401,-0.6288388833875911,0
-0.822934824783939,-0.6309380354139439,1.4781652322065648,-1.6348945567961235,-1.4955524440027728,-0.23972042921182188,-0.588176841106396,0
-0.8001508038625281,-0.6840454516926767,1.474408989671752,-1.5582471671962612,-1.471961897410763,-0.33954196159916916,-0.6125648160189427,0
-0.6493736935736452,-0.7731416801376325,1.5653674312237462,-1.4361477505111346,-1.46416031247366,-0.26458971371287476,-0.28991170440832537,0
-0.5650088691270808,-0.6799202340838287,1.6734299694217112,-1.5736123498975818,-1.5440398219069353,-0.2752469840571849,-0.28599789471658443,0
-0.5796219580952069,-0.9113343093439717,1.7950046223153988,-1.4469293391077513,-1.3789016595444465,-0.4292922540560641,-0.32414129476684705,0
-0.419895261574339,-0.6282074858745126,1.739496335537352,-1.5141241950888547,-1.641480687710421,-0.43149770575444424,-0.3110899660074699,0
-0.40549930799088874,-0.4445517939803179,1.6736446560950247,-1.5439097420964085,-1.640572279031994,-0.2531771080551239,0.021249106398364775,0
-0.30519543553890155,-0.2739041715133498,1.8675550750285972,-1.7308681832009138,-1.6924279878341046,0.05205193339882771,0.09165088311646852,0
-0.3546136097060914,-0.2810412459225932,1.8673654285048236,-1.70080976482812,-1.618416041332816,-0.1174189402200058,0.038829146138696036,0
-0.24657927034304147,-0.3198914099032066,2.09611048944455,-1.6170296007015654,-1.6179285119806626,-0.11056986120873037,0.03231271964090873,0
-0.0926853598679695,-0.3236508594291224,2.0907871955570405,-1.6129240437132497,-1.5640376639422586,-0.06727258764359943,0.35259968954336274,0
-0.06004270485250109,-0.32030558713395235,2.04232290725175,-1.5625810227774684,-1.4629703430298,0.19383817520983831,0.4071853895675343,0
-0.045110222461310294,-0.3912050218081371,1.8664690288012653,-1.5327214111638008,-1.4300284403850472,0.20174659185230856,0.4093489414551272,0
0.10258136039532209,-0.4175931922820555,1.9320542819792965,-1.4785285299215234,-1.4390745544116663,0.1445921464288527,0.40132506362174153,0
0.23645824864822987,-0.36218223028852176,1.7662585452878448,-1.4011706557926196,-1.4670800607710124,0.1872496156821467,0.4068813539773111,0
0.03872288720705892,-0.6292411934201502,1.370995564875444,-1.155079187351759,-1.390055558051213,-0.12295816948745894,0.5779359331856603,0
0.17494070088787617,-0.7594333161024445,1.4948097443325854,-1.2314853298656896,-1.3275526947114749,-0.06277402697407237,0.6103039794791267,0
0.44916234628293816,-0.5807382513856001,1.5102831214609358,-1.2301895838065713,-1.4741338710058614,-0.16881452279591147,0.5889937519610152,0
0.604170433923309,-0.32864951111434315,1.5353562167708894,-1.2715384322467975,-1.5634835888002516,-0.01449900137638738,0.646200575681882,0
0.6053156877722999,-0.26812036500081754,1.4075984355163453,-1.2500043001489298,-1.543413113113996,-0.0188878525723258,0.9399053227971422,0
0.5554475764032105,-0.13176082797221972,1.230866588744494,-1.3253079776248176,-1.5748990041709285,0.23866105951804495,0.9820020436757273,0
0.37284923308528006,-0.14585755700795316,1.1759405875654778,-1.4891401624395602,-1.6090322486278392,0.31056754189940655,1.0264502086522058,0
0.5376120229532536,-0.17565566615112088,0.8525987070149118,-1.2967421572922857,-1.6740534158312217,0.13922804143196366,0.9868738812150116,0
0.6168927402230565,-0.23375331005414957,0.5912866243276809,-1.2404431608402673,-1.643275775323975,0.12124838446654208,0.9948120335189694,0
0.6188969602669235,-0.5680336655784785,0.5018319531140264,-1.0116901730472665,-1.4110837349005796,-0.22259623068022377,1.1632659811591797,0
0.6269087825677407,-1.204040600088732,0.21123291564376118,-0.48286214583065507,-1.2435650972255634,-0.2852753343085463,1.1126117462237817,0
0.6777959458126043,-1.2054973824407462,0.4037567064480751,-0.7816264897753354,-1.279301135539726,-0.5282251528241427,1.1077497713842674,0
0.7614785830809969,-0.8931613970792672,0.3802967465041767,-0.9250947172259433,-1.4182490343601628,-0.46608268717333445,1.1443719646196941,0
1.0014599711764174,-0.40592447970803486,-0.01161138266729604,-0.9255637136917373,-1.5293144354260733,-0.43590940150262364,1.440836991367997,0
1.089171309468,-0.2656205746645318,-0.14951600142437713,-1.119575068765994,-1.710599009768795,-0.5064167346432601,1.4404441745561523,0
1.2671548456061708,-0.38458724399048855,-0.2113662277594733,-0.9522917558288242,-1.6999622848780085,-0.4318612391456774,1.4472989575955224,0
1.5238004924592863,-0.22953990155362425,-0.0704883676941713,-0.9735863651810257,-1.8299226413044576,-0.3842801469145479,1.476984424048455,0
1.7170108629283158,-0.21929241380711884,-0.5845816218259925,-0.8357764007154733,-1.951219960857737,-0.585251411116416,1.7006730643986445,0
1.8534794678803719,-0.42112088928488317,-0.7506883456913431,-0.6433105415541618,-1.740205414165464,-0.5246022878073843,1.7091595786151876,0
1.7890795508790196,-1.1058653006797479,-1.4166116078002553,-0.012312305222013766,-1.5014198954015567,-0.45211647975687236,1.736650254415673,0
2.02053043143313,-0.355482339152845,-1.2676124336544325,-0.7896756051661598,-1.6793306272375002,-0.40908828854781254,1.7414266316726759,0
2.165821387227144,-0.5337425710546895,-1.3337239217772892,-0.5410924749019603,-1.6672398967004607,-0.5480282593181443,1.6834293253711525,0
2.4121864549010836,-0.9525074223469422,-1.6872371263397832,-0.09480829315490875,-1.507848450831695,-0.07367728749200407,-1.4488293983112015,0
2.6275514788170846,-0.9311731964407898,-1.6839158101417362,0.004335783240457109,-1.6805290081577837,-0.22700184950952323,-1.4949258157097505,0
2.9413020438386246,-0.9620434661514239,-1.5973792049269524,0.07101474623796107,-1.8164453967490004,-0.5353258954350673,-1.5689703225397706,0
3.0773190226327807,-0.6674638761676223,-1.4782574590007154,-0.06714124014065083,-2.087193127037984,-0.5157027524690616,-1.5477262989927316,0
2.9707015880594545,-0.6964592142254679,-1.3308355762620798,-0.09791667873745105,-2.102961489086019,-0.732120812442414,-1.289322163149659,0
2.7909133322601942,-0.3420480323226778,-1.5850127180947486,-0.35130793651843095,-2.113225346712792,-0.5926271249242453,-1.276124857509677,0
2.699376444939462,-0.03945487674302975,-1.385843451970963,-0.6459179204721627,-2.2296968622381774,-0.5245003791206498,-1.2595570900098263,0
3.026071455688417,-0.0023005228270986783,-1.4327668478080682,-0.5455502524736114,-2.568205028155874,-0.7741201616007661,-1.3029177569796673,0
2.9113835554975163,0.2737088118277225,-1.5611753901911436,-0.6291908931227214,-2.5873198310592587,-1.026862505493505,-1.109761610995485,0
2.938517112553938,0.2043504325767282,-2.205004754901875,-0.5480824380432724,-2.712867831186111,-1.2016487125807467,-1.1619782188961878,0
3.2179148692669677,0.31302666249452005,-2.4053629579211653,-0.45047879662139206,-2.7917288169723915,-1.3799604769517528,-1.2097012417703872,0
3.48214561644199,0.14295017436144133,-1.901405117317831,-0.34384934162691944,-2.816239851940265,-1.693433862055768,-1.272899487398751,0
3.371886320432684,0.06788429503977507,-2.043522048628388,-0.29079828976965805,-2.8184370604211977,-1.6017543777331822,-1.2710063233597295,0
3.461419169757637,0.23926302752938208,-1.6661312767062288,-0.34582897420879805,-2.836120234148097,-1.6905325175167611,-1.012099826526302,0
3.649618623950976,0.42104038828391244,-1.5223909702507474,-0.3679672419577058,-2.844519575027712,-1.5262360724703399,-0.9913526217835223,0
3.557650018830791,0.40401296447394935,-1.418544612930254,-0.4083500199090897,-2.7889585391107774,-1.6579016749591449,-1.0296647349284924,0
3.4330467929485127,0.5308290710646641,-1.1440000734893503,-0.5289951580451232,-2.8414461313899797,-1.4712314232920614,-0.9814351145129394,0
2.7011699516063694,0.4974575688348665,-1.2472943256966267,-0.6839823793086631,-2.5561123891879998,-1.5608788133690747,-0.7685357981197886,0
2.5601408687026037,0.573417730008622,-1.1501527344085556,-0.7842462051054864,-2.6932604727028018,-1.4304533596138505,-0.7143135805891088,0
2.8254379537458987,0.7136877756611137,-1.2647628273679747,-0.8429012522596131,-2.7706778516597623,-1.4448763262683821,-0.719890033319531,0
2.9343391316545526,0.6602045681135458,-1.4105759167167264,-0.6801464178657222,-2.7988192482705,-1.4626481364854824,-0.7150062490910458,0
2.6435116843006656,0.6791741371734037,-1.4155526104100393,-0.7812472824369833,-2.7219073291608433,-1.54787872693568,-0.4489834319151068,0
2.1974167585709954,0.610672505647557,-1.5326954863712026,-0.978305321781716,-2.532386104337989,-1.2045774307517325,-0.36771827826977194,0
2.307444153661749,0.4944187818527854,-1.4249175878107259,-0.8110996917561549,-2.50700292718031,-1.315949376649939,-0.3677181652342378,0
2.417316689136535,0.8772578118933255,-1.3319809813856642,-1.1055670832130204,-2.787986451953085,-1.0703411873440425,-0.2810701739924813,0
2.2483184053843615,0.3916456156390897,-1.4487886632647813,-0.7032227367660053,-2.4464813451613048,-1.0018430259010414,-0.2836701383979469,0
2.464748145126906,0.11136595196341112,-1.8289392895959993,-0.711670993134293,-2.2967419879944124,-0.9978689943957227,0.050566324463646416,0
2.373134191678226,0.6682262577882642,-1.7400354382396783,-1.0684813601195977,-2.6427947582083946,-1.016410909785918,0.046811455184841984,0
2.6380044266267677,0.8852711581480699,-1.9091507377702572,-1.0418179219478545,-2.7857140777049096,-1.0340273581697093,0.07537428720594185,0
2.6941212408013393,0.5060493781944156,-2.2198909122415733,-0.8601659942663329,-2.684730072768124,-1.2295961090222125,0.05328907488438358,0
2.911601915937887,0.6600514179878079,-2.349897354832984,-0.8186193450663816,-2.7354730915467607,-1.383517090437895,0.3156138892996217,0
3.029144116700187,0.5340211608408155,-2.3391557350923398,-0.6637343466090866,-2.732750667778716,-1.2200825218131701,0.3671153134028431,0
2.9027962454809377,0.4050090431410935,-2.4148140650812437,-0.7097060221951709,-2.6095432836328873,-1.1754978613458735,0.37381624412413744,0
2.1100944033982203,-0.8175667467074873,-3.031350946070135,0.6180225203132234,-1.915783360751417,-1.21413297653212,0.22532855117780987,1
2.0693479494723914,-0.6535000032331696,-2.8247331617318454,0.23630223606527573,-1.8316987863284433,-1.2550495744305266,0.5128173000516365,1
2.2170115129021113,-0.5905025369286967,-2.774298517337108,-0.15884625290270263,-1.9227633891669025,-1.3704866703900223,0.5304415419349221,0
2.1475594376390745,-0.39487474589099614,-2.826917015146428,-0.3587044287715985,-1.9406151048355278,-1.2516531506622475,0.563526768948131,0
2.3144836836487244,-0.7786077488132084,-2.8049604824774037,-0.2084976436558881,-1.9623719320419657,-1.431426471690431,0.5288486344451837,0
2.1254042353786518,-1.1557473391313906,-3.021829325501928,0.10569577172962036,-1.8226857103119094,-1.5447790343380046,0.4803047949573123,0
2.4608956445726147,-0.6994008468305634,-2.5482945393388508,-0.30339587323992506,-2.0952991307803783,-1.6216858702158363,0.7926190472046795,0
2.574145770267925,-0.5989342423452962,-2.4478363820122717,-0.32265556884187374,-2.1427144064588965,-1.5769254722586874,0.7885557284554638,0
2.6293828172656286,-0.49533703908421844,-2.3438171980176636,-0.4275953047449492,-2.1774697918572676,-1.4608768453856686,0.8312073921978643,0
3.0378789174563954,-0.37987070391959193,-2.532497423921479,-0.41929416912561013,-2.3508584335696514,-1.5115511521989111,0.8336591084906706,0
2.699535641711788,0.06190442711408176,-2.5395019114212714,-0.7739937201304736,-2.255174169102753,-1.5366080577930532,1.108899895489874,0
2.6327845038662,0.24122502836068024,-2.917360683358268,-0.9213247976100002,-2.1410221546927075,-1.2613536419753943,1.1646272026955509,0
2.7269472644801342,0.1374242247035766,-3.183616212924561,-0.6944444656313573,-2.182767582092764,-1.3219120795538346,1.1411434420823718,0
2.831285202227494,0.21022010642975972,-3.042718345885546,-0.7917667612745181,-2.1051406770990995,-1.3973025287462761,1.1273249100211566,0
3.0612340146274706,0.22296142560733187,-3.1637142054925937,-0.7642911720561236,-2.208215002455538,-1.7561273495010368,1.3553782304717272,0
2.774271503673203,0.006005290545101329,-3.448431938424195,-0.5608741987655987,-1.9137374626645385,-1.67099302848204,1.3332953758369712,0
2.506695927252167,-0.22224800888928362,-3.5886157848561515,-0.46112683765397294,-1.6864844309051616,-1.489889687821046,1.363003640222739,0
2.7007069529096683,-0.21003621858465987,-3.6134907053397303,-0.6825722442554198,-1.6356580501315432,-1.4356442673932308,1.3951843315796764,0
2.7024519880498166,0.08380578943508003,-3.4807535932288505,-0.8007815552444422,-1.6744572825281687,-1.3383571829284862,1.4200159545262387,0
2.6996126951645496,-0.2438976317439739,-3.6952455766736727,-0.7065282546092131,-1.6068248154416096,-0.826622566171342,-1.6760912393393053,0
2.6297088930181793,-0.9730490352055797,-4.031406943462802,-0.41316307146884884,-1.3462811648620248,-0.98795333884551,-1.7262694781408061,0
2.549239492509488,-1.2888556422413002,-4.273485696052501,-0.13393420679739418,-1.2504921576086638,-1.0092250417863704,-1.7572243518772468,0
2.7059205192029334,-1.3261488820519407,-4.049796142633881,-0.3186167192755305,-1.2779652833624287,-1.2137883699287189,-1.7715368936859712,0
3.098127602471269,-1.4782609230768318,-3.9747094806175753,-0.26709083206151785,-1.2974674629144187,-1.3346609449633478,-1.5010167000693426,0
2.9739379852706866,-2.3512847440446,-3.778205410373961,0.15415188362652277,-0.7261820847265197,-1.2392224963835863,-1.5177855424007236,0
2.91681998616789,-2.2091332745399437,-3.7028404979671246,0.022945782886638455,-0.7774336151569056,-1.1803925343090056,-1.4945172939694438,0
3.150185355450416,-2.091352998355711,-3.4859032759329986,-0.158062530999885,-0.7408023849782133,-1.165299625765733,-1.4862607384433115,0
3.3437080199142737,-1.7014625252626574,-3.4076289575859393,-0.501912473424872,-0.7749702620964344,-1.252601410248743,-1.2151134868134321,0
3.5174676626803874,-1.5865477268395543,-3.0280111121108737,-0.4298594213944968,-0.6428648060412879,-1.0737421082285388,-1.1803310293003382,0
3.2778599608166497,-1.197814049088967,-3.0815374960199713,-0.5631033146387604,-0.7957182622024569,-1.0004642486220878,-1.1499307736492104,0
3.562243367567093,-1.2959489331607124,-2.6815164111162573,-0.7638382671119314,-0.7265364611395706,-0.8549441286732901,-1.1030543578270535,0
3.6521842907566784,-1.534417905084042,-2.722919754849341,-0.6220281088641495,-0.9021824816374354,-0.8235863894515641,-1.059396330651902,0
3.6549906387348523,-1.9027523884068256,-2.748629527957229,-0.36856433126592986,-0.6886111230372866,-0.9131649499960119,-0.811318529383834,0
3.5913362173272048,-1.7542843207572751,-2.346930719825637,-0.5441423652383146,-0.60470578851244,-0.8877491732575393,-0.8142479234002985,0
3.823478069559688,-1.3922892475133335,-2.2293248343667407,-0.6436578017530175,-0.8016264965858105,-0.9187839821288779,-0.8053803563727788,0
3.573040373153911,-1.0979198071843344,-2.355331269407055,-0.8163721364057265,-0.8122948417199587,-1.0450107579577679,-0.8547612420473044,0
3.604174101460748,-1.7092455009717904,-2.17822585910433,-0.4724135800926133,-0.587535223881876,-1.1501165485221203,-0.5975544318639323,0
3.7052148859986467,-1.6926355717459018,-2.263470734780698,-0.6352680774151731,-0.6435347254931465,-1.2369925612623751,-0.5913791055153481,0
3.65882250678679,-1.6259694074779754,-2.1897491458458984,-0.6130937758608999,-0.4838465922689981,-1.14039989969138,-0.5715963952673244,0
3.589445837690445,-1.3210564789280896,-2.3937472803994733,-0.8126200263308911,-0.5625453592753132,-1.1328311858192315,-0.5493458002157966,0
3.8478981860132224,-1.1748513681251203,-2.267295210748255,-0.8271568010393224,-0.6828694693277086,-0.818769988127836,-0.4477778536893268,0
3.9776002820207315,-1.444819628564376,-1.9232199165503014,-0.6329575607856683,-0.6388410896862683,-1.1429125523372405,-0.2480134963846855,0
3.898248404606969,-2.0997741485967296,-2.1361581616201986,-0.0987886940302954,-0.20303072020802837,-1.1865396056505648,-0.3190915133842259,0
3.8565855793824992,-1.7421947282294425,-1.9078659764158334,-0.3230383812621936,-0.42356831595027544,-1.0187499760217311,-0.242415506193249,0
4.207856620746049,-2.5904005174470157,-2.088878351073356,-0.05564310886802907,0.021378442990662827,-1.2143482335800277,-0.33214918261326815,0
4.677510476013867,-2.541270889479622,-1.8220203505046775,-0.026550966479391102,-0.03497610538841083,-1.328839639864776,-0.06366270215001857,0
4.733494650113078,-1.98501280456675,-1.7765615495842544,-0.3330365293234427,-0.15780564945700562,-1.1115200817725583,0.008941300787924121,0
4.7566592016417975,-1.8227009753458985,-1.797351999986236,-0.41990808662558143,-0.18445267993990636,-0.9149818903342621,0.060758514796668446,0
4.766218611464305,-1.7711596553799358,-1.859003482152187,-0.37231693228982327,-0.16282228344095423,-0.812528154934968,0.0794272458098655,0
4.64845814610632,-1.989285033597682,-1.6470106889313998,-0.022466950969315218,-0.1818746822769458,-0.6486871402785901,0.4155051628637981,0
4.882552877728852,-1.7454778257424848,-1.5347647325404885,-0.20657528246769702,-0.2218104703764339,-0.6465121213706944,0.4365610130696425,0
4.81951137552784,-1.7032029151085033,-1.3613911287419822,-0.1732733408535776,-0.12835226951872972,-0.7582593365532628,0.386232046116581,0
4.923037520418682,-1.7317723929583058,-1.2939150097139,-0.17587966702134428,-0.09428701373429722,-0.791935318390238,0.3978039183951511,0
4.93409631613605,-1.570154913673622,-1.5923794473633999,-0.1844158870412883,-0.15539716867648767,-0.9213364547087476,0.3598162427182895,0
4.998821322013824,-1.5449606891249956,-1.3677593462013675,-0.1043458843173293,-0.33149502546902637,-1.0432600440690698,0.6157906913738983,0
4.44441802826151,-1.588580608677249,-1.7459678599213455,-0.08569100765086766,-0.05198884214730048,-0.8490367918347832,0.5994700104925885,0
4.6022416910768555,-1.6706537864849733,-1.765001308246324,-0.15909446899366061,-0.08162032417860451,-0.9193748581463563,0.5880476252111237,0
4.887543130418994,-1.7251728620747784,-1.543077115787303,-0.1656303085907048,-0.1457358816491702,-1.0087829872891485,0.6020189044758449,0
4.70896362167226,-1.3840925691938004,-1.6528222823700376,-0.4454210130365711,-0.08791986793740167,-1.0242373087642256,0.8765268748113417,0
4.475306199049035,-1.273322812093716,-1.7324443051805278,-0.5140851020225877,0.07154472273817312,-0.6663483297732631,0.9391690779504969,0
4.463329542773142,-1.3308881673742945,-1.7190971483769335,-0.509996117574761,-0.002689838865342336,-0.7217846221559732,0.9243884429150804,0
4.534434895377288,-1.2005785521439918,-1.7075787459192837,-0.5852589258141506,-0.028080737397012247,-0.7868277130315725,0.9027147209039534,0
4.186111532219634,-1.3466989851430091,-1.8809687697037916,-0.3082924566057582,0.1361740283159978,-0.7703807470740129,1.1515024411079788,0
4.194849316083949,-1.3339105040861376,-2.0248380581111287,-0.34541270793365125,0.19211280392782132,-0.817193031709608,1.1424013260770287,0
3.754554705463806,-0.7303360321493741,-2.329899345369127,-1.005017672273756,0.07544270473590901,-0.767191876960603,1.186425470235519,0
3.753034003995507,-0.47367548441358165,-2.2457134692747833,-1.2048703320795988,0.09478154138603413,-0.5518076958723105,1.2545167786278346,0
3.891199658421029,-0.40442486837239466,-2.3850821265232067,-1.1638105367907938,0.03401524024599143,-0.41829031878753214,1.3024996970398828,0
3.735326084064447,-0.15950956125400406,-2.0904071380416647,-1.459792428314556,-0.0028289745619832765,-0.1415931675671533,1.6990114627076929,0
3.824204732236359,0.2505451842030268,-2.009142372889645,-1.5313064493409778,-0.17911896065576233,-0.08654487590938088,1.6961999611995384,0
3.944540416922859,0.37769135393896514,-2.336360283182856,-1.7681841851038624,-0.1402597173419737,-0.08822261267831501,1.7047900742494606,0
3.9600436473229634,0.3583725747569636,-2.303300170381121,-1.7728903183073104,-0.06313720832794759,-0.14880185636948007,1.6879055414999233,0
4.0507545671590055,0.3633443114007762,-2.140589551026902,-1.7472994401225541,-0.15439651090574832,0.41135178641232284,-1.3991869262931202,0
4.214954196293722,0.30035534534896835,-1.9021415064409826,-1.7114370441112283,-0.10617360106138352,0.62491410492451,-1.3434417592571324,0
4.197197050692816,0.14012131424460203,-1.6404751383833174,-1.5922593313641444,-0.03997420033475501,0.5643875598956256,-1.3575616699459547,0
4.025008082983475,0.2775567305927983,-1.616032362948917,-1.7669596073456113,-0.01983122467078878,0.6888693567813778,-1.3339950414300963,0
3.9634391001381903,0.24971590931729937,-1.563408096388029,-1.666746789688767,0.030608640480961964,0.6432278623636275,-1.3551336017286921,0
4.082291544223976,0.0985186380258482,-1.4737688985297734,-1.6326453356666184,0.1124554132336712,0.510375531177835,-1.1073003112284405,0
4.183948622726802,0.42605853769426966,-1.550034542841245,-1.7788440469221805,0.0031154354049036216,0.5219096289404631,-1.1129781603709343,0
4.337822320724826,0.4040702762310961,-1.3443180814295752,-1.703984125852509,0.024068712820402675,0.8214503750993776,-1.0250281523274496,0
4.590392197210006,0.26319338684304605,-1.3994481220010795,-1.5717825556068878,0.19350753406900803,0.7792968037500616,-1.0262932385179413,0
4.451822688629763,0.6366276618814113,-1.573992431451608,-1.8243925448743807,0.25649544895678883,0.8681611457684116,-0.7090800693353277,0
4.29279348989931,0.7869203066434526,-1.77709572606075,-1.7365540985559718,0.2882797559134397,1.1078231664152136,-0.6522509340987861,0
4.385088268177062,0.5790256866068686,-1.4006824662046293,-1.4307321272293603,0.2635963101392637,1.0179425290262496,-0.6760191125018109,0
4.486387060171487,0.6251300970707223,-1.3275060174225402,-1.4709199057788211,0.2815499573123308,1.037320655769932,-0.6555934275658304,0
4.55605726938398,0.5508751817955679,-1.2099692147641392,-1.4161105062962924,0.33330004430216664,0.949661942417863,-0.37324050123233743,0
4.652831404179543,0.4097081495513039,-1.2329970753218131,-1.2435859324804082,0.44586876509384243,0.7494721049563732,-0.4376937336485171,0
4.7139842192119445,0.1369796485621326,-1.1078573618208818,-1.097916381116835,0.4271330134444435,0.6111396118076257,-0.4572527276952555,0
4.667820169580348,0.7097579189809878,-1.1835025797696954,-1.3700667659285755,0.17136956891978739,0.6297877268735442,-0.45459776033095395,0
4.77498624232698,0.7417858995018183,-1.2180159565502167,-1.3457213286939695,0.10938506888510026,0.5189298020292895,-0.19073141811783972,0
4.687918558695154,1.1069030642321447,-1.4875180189382344,-1.5041320787863237,-0.0369927360223459,0.5288585579845977,-0.1898309066323114,0
4.748727602563791,1.0433672097837117,-1.2047532717250964,-1.3691143750602628,-0.05630298319594919,0.4657466929802887,-0.21862228721592838,0
4.834725949686638,0.8909632290541282,-1.1478779285404797,-1.2861901093681782,-0.015541022688260249,0.33677729996760725,-0.23634584707952552,0
4.9951145307651,0.7857934592327446,-1.1660022223695632,-1.1860885690064595,0.056392065862551057,0.22097288474461196,-0.2733609731194034,0
5.1187239479764175,0.7477223206883415,-1.1603750105977662,-1.011049244852041,0.09359310671247381,-0.07973049073840693,-0.07689163142103343,0
5.075608347872104,0.921474865069797,-1.4264049660592788,-1.0369994181122955,0.02262282595250472,-0.09963841723576074,-0.08570331398098283,0
5.191200108146894,0.9586649934132302,-1.7443229047020208,-0.8848203109970908,-0.05702081245943378,-0.4341762529584155,-0.17734018948770036,0
5.001918019023689,1.0390575463879221,-1.6387835703627482,-0.8821232925990172,-0.026572614268287848,-0.38573734076881716,-0.16997578772828065,0
4.704521247683561,1.1901556762895285,-1.6518836173024767,-1.1023505542610077,0.04872537674653991,-0.3312870867063135,0.127838874433505,0
4.615547626673396,1.1950585744793494,-1.6645932822889766,-1.0915562684960076,0.05036457246921284,-0.22691211465497077,0.14418074999684938,0
4.8505468554249305,1.1895829596679899,-1.346589475821808,-0.9711335660800222,-0.01495426852304689,-0.3682325340387495,0.10666685515287781,0
4.847452004960281,1.301912622927959,-1.2757398814308223,-1.058013412266918,0.06194110075555976,-0.2955853663823035,0.12038846417860086,0
4.994163526135179,1.1785258552427722,-1.0468299690697802,-0.9197308759516327,-0.0067159688363764075,-0.31740976806363325,0.411783656445234,0
5.0036408752362815,1.2694128588817652,-1.1235096044920942,-0.8736894566384835,-0.01643049096894807,-0.3533818937345113,0.3872291594488313,0
4.996709789696147,1.0616236125748948,-1.25531948139699,-0.7953440369499545,0.12235487909740528,-0.40435965455531,0.37136839113228326,0
5.033036104639815,0.9628960779039117,-1.0341869374750237,-0.773882282810336,0.19614790558291478,-0.2281265957546881,0.4238819231909227,0
5.1606210081993265,0.8127683071554453,-0.9017864847116985,-0.6422209568936358,0.24038750331721956,-0.36215204137995693,0.379144828234559,0
5.243763404393287,0.816546149244644,-0.7056501563428212,-0.5354326288623341,0.19385169080497455,-0.45515475916231585,0.6351861651627251,0
5.146174586534485,1.1889943313315987,-0.6310842217553366,-0.68700984248543,0.04722426206240159,-0.40776135394413776,0.6529985100976693,0
5.039061712299956,1.4721024956689022,-0.6834722899063613,-0.7972028593418774,-0.05618807301324306,-0.40989119683785513,0.6530548233786526,0
4.994811145298051,1.5044231960294752,-0.7199018765334403,-0.8809273382626049,0.009754179897561678,-0.5177232292599903,0.6391135193374017,0
5.006617902046033,1.7642802191376712,-0.7869278884648376,-0.9749620510381369,-0.024508954940631527,-0.35002014993478003,0.9532175600576148,0
5.088841244537971,1.8368166931083978,-0.6188745018681829,-0.9727129636187624,0.08500890113290617,0.0017635439733821297,1.0446500857210654,0
5.276300716628866,1.926932957965218,-0.5792980727380755,-0.9188668393630202,0.08584843120408675,0.10701782765812917,1.0962227404037617,0
5.142875857734933,2.0848286233713003,-0.6686478926968121,-1.0103890266285367,0.06972790241807308,0.2907320501840786,1.1414356636211203,0
5.359676786766537,2.151318923548284,-0.6064856364471839,-1.1052112834731997,-0.005084332229865599,0.34250712966513347,1.1856690845369875,0
5.59587468522206,2.241537183737876,-0.45236812212347965,-1.0620851423673585,0.05226099853071376,0.48717457221554183,1.5173343249758493,0
5.341117910237768,2.1286911642258826,-0.5538971020316888,-0.9938811001655601,0.273917240352513,0.6013376834742524,1.5190548404485396,0
5.503087329499192,2.2756841366024028,-0.35536834855491223,-1.09027411428718,0.3909615145189606,0.8260009730002519,1.5870736270928019,0
5.492737929662373,2.277306421065525,-0.19285512501061355,-0.9858690336485638,0.3765795798930039,0.7969154621703761,1.5883582748533296,0
5.47738959872258,2.3877231274197226,-0.33484953149514884,-0.9786249785608858,0.43285301828463996,1.0265762819282216,1.9885305677301406,0
5.558272838110298,2.582876347569503,-0.40393253725229644,-1.1033785318410765,0.4106259570186773,1.047802065889106,1.9988598905392105,0
5.514147564741854,2.597535510005709,-0.2571504298996244,-1.1277935519333178,0.5914229052855468,1.260861178404141,2.041667491118539,0
5.484548694420558,2.656209401277271,-0.04894088855041133,-1.1460734607498129,0.6454558840087508,1.4406358842064677,2.0736954129494016,0
5.460843435697391,2.6453020174892563,0.2075065731046238,-1.2352483933523795,0.6399578063355322,1.9327655966552595,-1.0394945552369392,0
5.611700538566095,3.1309624815513417,0.37928496936233924,-1.272289471641395,0.4976780879990416,2.103648764769133,-1.012558467165277,0
5.635323520938265,3.19880576300829,0.5871804718056731,-1.0896285401314896,0.541678970056035,2.2221648038465864,-1.0034050728224433,0
5.733819868086272,3.4528271508305344,0.7039028376160968,-1.1504935359907762,0.4693887707718238,2.3016037895545827,-0.9995582430867913,0
5.401627544730327,3.4609906127908996,0.6943615214052762,-0.9926309763652384,0.6403027472965472,2.374118078036332,-1.0306348030928705,0
4.876786789405382,2.8267004038590193,0.021815328485931276,-0.3274470325829588,1.1308547646214626,2.4468620448303313,-0.8145465264902032,0
4.7507376996514195,2.7024549065514214,-0.14202994222670315,-0.6322614675301359,1.284973578254863,2.407939189383173,-0.7969609356909125,0
4.860836401724932,3.144441935512318,0.15461728238484806,-0.8750488299919069,1.1927050774508923,2.2627452840215305,-0.8351178200134629,0
4.950289998786418,3.3494781665636557,0.19029380970561344,-0.9807966327892651,1.2118197830128234,2.2058636568744148,-0.8455948724460174,0
4.816185714234051,3.0177793611689414,0.09779284735263105,-0.9320420534334452,1.4137328853694213,1.9330470374613642,-0.628762055215629,0
4.9930691892480725,3.2196104001562427,0.1694096611107856,-0.9099850182865713,1.3011893510526529,1.967171212943545,-0.6116552054941726,0
4.912769299859635,3.2067547969012917,0.012464931079976033,-0.9091103513836362,1.4768232863308701,1.8866666559092604,-0.640316452479336,0
4.828138960871939,2.8037967097444327,0.009238157907101521,-0.6651922279880259,1.603952892453046,1.7668193446382892,-0.660651126480186,0
4.853333422182756,2.8416711141034114,-0.2302735721403558,-0.7416429583557068,1.5718253685659,1.3681988284305304,-0.4760064678927609,0
4.961980359354682,3.0096894261916085,-0.23682452825543712,-0.8192961848206373,1.4379866118423612,1.2215582879175562,-0.4951842720346411,0
5.0401952884557994,3.19863360855226,-0.08779682440221592,-1.11828149451916,1.4039759083134116,1.0943553662258814,-0.4918760419402572,0
4.74679755444865,3.4927402032539487,-0.29229679972979605,-1.1945507184934154,1.4226803957346748,1.2336924135249496,-0.48611376092930325,0
4.912806733397538,3.5439789343851285,-0.44016239525923806,-1.3251872176992268,1.4638788095617297,1.043422906412131,-0.23287670768989627,0
4.885402762393995,3.6054003147988074,-0.44908967425773144,-1.331423723583409,1.4365346794702145,0.8114889085513084,-0.2979949411367137,0
4.773536430229224,3.9074801652449653,-0.3710593703589615,-1.4374377147927544,1.4733275920540712,0.9082668604033932,-0.27936182121000797,0
4.769776773484,3.887575676096495,-0.25757932236581993,-1.552414981461417,1.5740604598416916,0.8095650203514102,-0.29829596617445686,0
4.79124392944774,2.982182084254006,-0.20275380929607537,-0.757139060358239,2.1459920677225077,0.20219252056167203,-0.40966685054610974,0
4.957198406815164,3.478301761818068,-0.2749622578262486,-1.2189785315261739,1.8919069683310326,0.6300381549008218,-0.021383439987472774,0
4.897923892711862,3.658559853204463,-0.2850068775012983,-1.214600647459731,1.8396222883187978,0.6400270276917565,-0.018471347471171018,0
5.016275355893537,3.435429805023086,-0.5612827409702098,-1.2155100707195234,1.9106965335966013,0.7274220116401686,0.0201955572944304,0
4.77273010539312,3.2865333801990437,-0.586377048689746,-1.129375283990617,2.0857323498804257,0.4001315802175768,-0.06310171652706886,0
4.8495348635011215,3.3069124670421113,-0.589526222063573,-1.1434702586288399,2.0811200856126666,0.34336098559993405,0.22644146326060852,0
4.963992641071572,3.5981884256489702,-0.36367527756288676,-1.2987840030503894,1.9953513501391829,0.3688833181542856,0.25075636926703954,0
5.132764461234837,3.733943055707113,-0.6549072846258337,-1.2972983286320534,1.9015738396463064,0.49322192472320636,0.2843927179301875,0
4.959136820039088,3.79232105328595,-0.5837746372182592,-1.3499102661722886,1.9517679518830675,0.49037740260213614,0.2770574011910796,0
4.9189554276533425,3.8876675815823005,-0.6028631080008795,-1.3672713359076354,1.9795765894274209,0.39772731305901304,0.2522001972267725,0
4.87126728993286,3.864764820752051,-0.6312839249716613,-1.4608864908910049,2.051564320012012,0.19159429391512334,0.49605430373979265,0
4.853612189146536,3.5623638284856503,-0.9146322775040696,-1.2635441836058423,2.2264278888225273,0.03617376802257694,0.453473176677832,0
4.941551288450947,3.4816484033131903,-0.8536111218332592,-1.2245514093077094,2.147818776219791,-0.007113649734853154,0.46062717996023905,0
4.93801829860227,3.7049781235935435,-0.6887883955842524,-1.2392168424189767,2.2001626335474973,0.012017737659163304,0.458447553466672,0
4.8524581481459315,3.6101407683378697,-0.8009082382648929,-1.252135948193567,2.2386049747663224,-0.005153572445731356,0.735886393803201,0
4.663820321377157,3.5919209591190335,-0.998153680519638,-1.4107333780344595,2.2983124425655883,-0.0190265048706108,0.7317198762446013,0
4.695860943855844,3.883330100970454,-0.9273480677554005,-1.5111244137363575,2.1885619047454212,0.07379141301962495,0.7390451765395373,0
4.633401920301446,4.15654291376707,-0.7281130591732133,-1.548045723854604,2.1667737191367897,0.13850194536405774,0.7600306601621956,0
4.558310169249184,4.065589494457896,-0.5537592457514163,-1.5519351542801179,2.5000415930257174,-0.09401589967173259,1.0076672123245236,0
4.020806847547666,3.9826365439771716,-0.7174594261947985,-1.600235567275446,2.7443772643781803,0.23944509937377428,1.0594735852522117,0
3.9968124339030453,3.6073298493618116,-0.7912190546197624,-1.4431557781824262,2.988006149908392,0.1954060452490124,1.0409870503940313,0
3.89693626681646,3.300330810713093,-1.1598355459650258,-1.2564639929600163,3.207155553371832,0.09303332510464579,0.9760158483584647,0
3.894161518740503,3.089038830739643,-1.4296335642404678,-1.1786281340827331,3.2629828860025265,-0.09623087942860195,0.9138762489646982,0
4.037851102921102,3.557067427785114,-1.3141430511147232,-1.3382218136125172,3.060148226385693,0.08927232539624401,1.2354475593619567,0
4.106284464649858,3.364107933812268,-1.6628952513052093,-1.2782242721291783,3.0339449857750984,-0.004628913635707094,1.2153478423897879,0
3.9676500226804983,2.940238499699761,-1.6886507737262924,-1.0086567393036006,3.2801043114010047,-0.06480302314210602,1.1748137643730887,0
4.186932272042841,3.2019937558032745,-1.8687002516960467,-1.1513279328082626,3.009250071802229,-0.13214142817995972,1.1711330048259077,0
4.454833999389055,3.1495381945006238,-1.6583037200907849,-0.8772083944860908,3.0149744047132825,-0.298131411721434,1.3914629446219464,0
4.380364374903749,2.7450847757242722,-1.8900561535657512,-0.7531895895453845,3.1943460154422323,-0.3774883202230422,1.3846215811780183,0
4.3956342141325475,2.50258634352209,-2.0932257953068554,-0.4761040322369327,3.1566628951654043,-0.29838063967523104,1.395193201634427,0
4.07570289062065,1.8428411771305107,-2.442489094309924,0.1342637254867995,3.4467391108734424,-0.181133810211392,1.370533312087473,1
4.407032807741771,2.0698523134335973,-2.0492243368450205,-0.4597186849581947,2.996012037511666,0.030087183389952046,-1.7424932213261985,0
4.473599130995985,2.377268425311746,-1.6319630716801647,-0.775822028534488,3.0700885089959065,-0.10681528769698782,-1.7648828746722456,0
4.6478180469775605,2.465804624795199,-1.432158019974137,-0.8952359794515415,2.942493807046354,-0.09530486475704496,-1.7706274978398426,0
4.698837070536691,2.6281873223740817,-1.4655241781085353,-0.8426301021230042,2.8611752495956577,0.009316799846725413,-1.7575626759120877,0
4.833246096580405,2.64418884578428,-1.302814957166376,-0.8625406089714673,2.7888170780441115,-0.020575355132519443,-1.7633298459770685,0
5.092983020792537,2.803468195331986,-1.045937978667296,-0.9836964973738336,2.774376133558797,-0.08371653230845,-1.4916104140639153,0
5.107877120099163,2.755027583415676,-1.1298832782048505,-0.9646059890394937,2.7941618665777965,-0.20859195387315443,-1.5250279149316974,0
5.218530690593429,2.794181565860233,-1.0466875820990647,-0.959762084667418,2.6397263758232596,-0.6756376262388822,-1.6518158100931266,0
5.28963920831,2.970113682542475,-1.0206343346005524,-0.9030937664293296,2.4773566776835887,-0.6524688965794153,-1.6485677812191535,0
5.2081201065217835,3.2037511450802127,-1.1518787893770284,-1.0346013322074055,2.4508176096447154,-0.5672264554017622,-1.3260182590338876,0
5.403521750046576,2.9719081630952826,-1.0770162972993018,-0.9899996901506257,2.432629492668164,-0.7501736340807303,-1.3631203022743017,0
5.506481359205007,3.1475869548845288,-0.8152180787460671,-1.0181768200719574,2.3914761136020917,-0.5416819429787872,-1.3055745260832285,0
5.745624799651891,2.688424553236188,-0.7502107753178457,-0.7437182196917984,2.358282490859034,-0.6922254066026654,-1.3162451214460207,0
5.827270385173159,2.8829165067086624,-0.732759769898817,-0.8965348310386106,2.3078467365803936,-0.6813823005655388,-1.0118217051187062,0
5.814516414053346,3.0134049252390405,-0.6176500130167164,-0.8396389634767829,2.2859674142150532,-0.5602740768920317,-1.0041222349287169,0
5.685032465040403,3.2680559535189633,-0.6414944646444409,-1.053171970562816,2.3069421774682537,-0.5465393484547344,-0.9795187768054039,0
5.694298547622617,3.254996191815353,-0.48309398378974433,-1.046526413688179,2.325196288303698,-0.41087293706216166,-0.9316777776116466,0
5.846133477449965,3.1413423801920066,-0.4743320763874727,-0.8753902571365457,2.206407766665583,-0.4134610428939599,-0.9206705725065348,0
5.755575330322558,2.849578897810682,-0.7554723405711796,-0.47672926136097854,2.424617923584169,-0.5336852310330239,-0.7000109270655123,0
5.609015871500162,2.5005021253627997,-0.729454294667953,-0.5373098957872562,2.522308560582385,-0.7154004858816732,-0.7208070837466276,0
5.691127956756194,2.6871404980110563,-0.7318953832861225,-0.7943990927628102,2.454021407493704,-0.6929976711696473,-0.6863222797678856,0
5.818114946367275,2.323894674816785,-0.7957841931835568,-0.4907912868307989,2.4677294015240685,-0.8813737387400541,-0.7327322203065624,0
6.015141870104773,1.9383645075645848,-0.7011548551160356,-0.20791760879551768,2.334776661214485,-0.9736616313518162,-0.4818650819639016,0
6.322531963125324,2.2191064020819766,-0.6155163884769784,-0.19951438833165958,2.1833380452563658,-1.0363530507552114,-0.5085287482239568,0
6.579359179777966,2.1052556590596208,-0.5267423808302881,-0.2164430613519343,2.0608321568376953,-0.9402970309514562,-0.4777716718551905,0
6.674628262357675,1.8896760116178262,-0.11524535504474516,0.017969394126849232,1.9965026916236612,-1.115471983964158,-0.5364264325720959,0
6.9813812565125195,2.176268805514626,-0.19916080330373678,-0.07550264338308078,1.7567965033608812,-1.2184908423628622,-0.2607760206419729,0
6.8485457999280035,2.3827316854804885,-0.27367918196036883,-0.1075743197812364,1.8840451189511305,-1.1540692137884019,-0.24863886874059543,0
6.8206891699090075,2.4025013699876747,-0.20020969528919355,-0.1642357611917567,1.7277335327840155,-1.0111688696919074,-0.21042522701326866,0
6.993855424205,2.274665669656695,-0.13060203308699556,-0.16786756608666897,1.7005571299732685,-0.8576369268347735,-0.1400286394988315,0
7.010624335857929,2.1626595983963433,-0.19537392782562799,-0.10701589653451848,1.8138721189144305,-0.8721696337999002,-0.17570444014271103,0
7.138115029864585,1.1747957392974238,-0.4088739310893221,0.6214844867327107,1.938632577842263,-1.192167504073584,0.030179151812448946,0
7.32148696426965,1.2272931792347925,-0.21910997997201523,0.46295005089991054,2.0747026209162343,-1.3092983668472433,0.01604933091997145,0
7.5901604573987935,1.0451580204827788,-0.17754522980056547,0.649493292756645,1.8256684001422465,-1.2040636538510188,0.07875329806154813,0
7.71642932546513,0.9473406516770786,-0.21166761960780672,0.8712007663019573,1.8246453952642456,-1.1987836931378575,0.07996764606645712,0
7.949198182692912,1.0322425843154568,-0.1924602676654154,0.9310074466695244,1.652014995921412,-1.1549230634257577,0.38108068884519997,0
7.598939509818429,1.720469881067833,-0.04298230313315865,0.3187785614290239,1.5383221177472859,-0.8642908167708906,0.46531852575929056,0
7.486552419386536,1.9905332830597962,0.07937701070674576,0.28319136338251244,1.4607196884932174,-0.7518676148014887,0.4880157873797934,0
7.89684126158464,1.6010307913471515,0.18380248508565317,0.5335019723890503,1.4707923711547854,-0.5588762294277321,0.5615132450840734,0
7.782639627294997,1.4092240743885835,-0.134503902747115,0.5979070337883347,1.3212595312421929,-0.5772671176258435,0.8354287820485015,0
7.830505187694288,0.9742155649027835,-0.1451789270227694,0.8002938959239069,1.2936551498998143,-0.6189503705749154,0.81651243134601,0
7.667348079189183,1.7654489164541827,0.053493163698806086,0.2578443102304991,1.0764651287710445,-0.40046704471387257,0.9034209614727803,0
7.538071021038736,1.7774777352382771,0.1658648161681671,0.3285712999026727,0.97745452388724,-0.4939552289538243,0.8636269113084482,0
7.5203255368824165,2.0019714456532083,0.28227755653733866,0.22694388242846383,0.9631973205352932,-0.39968400760762757,0.8788742416772314,0
7.614057124293991,2.151292992084481,0.40616554346514094,0.17828932359241484,0.8916835412348416,-0.33434140481466995,1.1705723411295064,0
7.455245005019393,2.266699566193259,0.285787266729217,0.1115226361701271,0.8541090105690147,-0.3524839691769603,1.1683470293330693,0
7.658185727026505,2.0371880680225165,0.344473160845115,0.31229795125922466,0.8656188632927322,-0.549382190267108,1.1198827029880032,0
7.781836698004338,2.0957980071532027,0.408698274927575,0.23990646076101782,0.7994798503262025,-0.6344041279009656,1.1253968273998254,0
7.627728546355387,1.8932478843924776,0.3928832352605392,0.6177641670407918,0.9102772660937154,-0.5302495047133132,1.4234615138681321,0
7.534041385198833,2.2416216185884634,0.4728748647803724,0.44181507733950065,0.8767104499670527,-0.4995932080233478,1.4205286573590274,0
7.734959104865001,2.4938051269583568,0.7316698316718108,0.2463284945445314,0.7437765047875317,-0.5297701397090873,1.3970698547480969,0
7.706226048399528,2.5281445897292563,0.8648857372741616,0.2765977170519771,0.8593848023253563,-0.4369917676783011,1.392423947333687,0
7.680362139284133,2.436289939607468,0.9660190103326327,0.37208837305083503,0.8100386824929782,-0.4570473285417287,1.3654595552583335,0
7.911935435239106,2.281993349379949,1.1908013742314556,0.3392523580449874,0.6540345419583766,0.06347885182213837,-1.7285375778146375,0
8.052044302564271,2.477575316965602,1.0648096804577951,0.34135868747464243,0.5630833726467198,0.03687817084353957,-1.7478538616593586,0
8.216851851925776,2.3916498955021566,1.1708691746463433,0.4176458248147924,0.5475093133983684,0.100348039186109,-1.7199950993761224,0
8.423337995741095,2.0307108774578633,0.8744354554800867,0.767935983925824,0.5530278128763326,0.12565723608636517,-1.730024448148079,0
8.55416845929881,1.9519592582029102,0.657795127226418,0.8324372161033989,0.4863505906325097,0.05076502203713351,-1.4493023664021176,0
8.786627337568575,2.1491571393050317,0.7997459608704954,0.8148192571538082,0.4072310084700307,0.24870834212910387,-1.392554614471415,0
8.83499074052758,2.071388089813407,0.9765130820935733,0.8411289699007444,0.43263801273145996,0.23621805058690531,-1.3957803305426186,0
8.706757887386726,1.0889915805639372,0.7427258103981966,1.7056821007153515,0.7237244309371491,0.35843596610490025,-1.4073145814304284,0
8.604041131889979,-0.4568945774572178,0.5583014022717278,2.479284464277793,0.5504537778106079,0.4161457261088238,-1.0966000867688748,1
8.35561117525465,-2.0808779520544527,-0.11589340217216315,3.5143670887266123,0.676484182409938,0.7019340781177531,-1.0365777385025206,1
6.158579001202504,-3.223059385571712,-2.102167801657093,4.702669700321696,1.4747231729309918,1.1242176766409433,-1.1128473796384872,1
6.399247782731711,-3.3438885340575006,-2.266545131295685,4.2838507428669805,0.8730005058532432,0.5157997952476466,-1.2218626265183563,1
7.120134169685309,-2.9405819485938887,-1.7255199902441503,4.090268224785452,0.48951548167487857,0.4806947538986637,-1.1313189422138312,1
7.155922247693153,-2.710223223713088,-1.1928913154679786,3.7852374182472652,0.48210202924519885,0.3194716696337547,-0.8713446726031456,1
7.7568033011963,-2.605064399668057,-0.49454846041028583,3.489579359814219,0.4380819199819048,0.3434192555573,-0.8237496893506046,1
7.6553084293355536,-2.98515772213421,-1.1913097318275678,4.152646291101128,0.5723973916803946,0.16191491457903948,-0.9060724811534466,1
8.136100311583169,-2.6599538288031934,-0.8131627846030437,3.4463695891936736,0.09472321466763342,0.1394337598010099,-0.8649368777833198,1
8.015764398647738,-2.7799408727850605,-0.43390160041069736,3.2330090814506978,0.2038359773728189,0.058939528704030825,-0.578008909756712,1
8.063108480001436,-2.6825486490597172,-0.4708769129547668,3.2112820622063043,0.05922464598420666,-0.06336392732946568,-0.6311822513181153,1
8.14596896670145,-2.5704703740233428,-0.12760155951137,3.0777064553736144,-0.04773057264821813,-0.01937539562444224,-0.6238175722101598,1
8.294502728541936,-2.2607259784777414,0.03529539593425923,2.8768300255753245,-0.26247640005203793,-0.1210636391395002,-0.62233321896685,0
8.603105809536228,-1.8923268085966305,0.4666279529475638,2.827864048896343,-0.44302967294058526,0.010908312418522812,-0.2812933716478948,0
8.72672883534688,-1.3990945462181805,0.799991687951893,2.767427657062052,-0.5744866549757959,0.36559367655438474,-0.1916400942305714,0
8.75878309391686,-1.6920369775608268,0.5752592729781365,3.176199045251928,-0.41088650419092,0.3753897238550235,-0.20673840925794665,1
8.88422927588038,-1.5581757764040391,0.9695172825177707,3.178421182737325,-0.4940982890802762,0.6652776619771752,-0.10666832333862647,1
8.9006165110886,-1.7945879326733216,0.8469678284946577,3.2243292264524217,-0.48243145812948895,0.5956607244365947,-0.10246409343681648,1
9.106120494577517,-1.5054808965415098,1.1983658876140133,3.30648987377522,-0.5893726092695889,0.6958969258435881,0.20990088397189247,0
9.230407965729928,-1.5502874644202551,1.2653656165264824,3.378644176386883,-0.5689244687791077,0.774302745495338,0.22108957503830984,0
9.514423089825629,-1.380177738417412,1.6866794194640153,3.149044795227843,-0.7260458928269066,0.8567227954555208,0.26735845402281655,0
9.581974549371546,-1.7338996707249323,1.90286381635557,3.300817191097473,-0.5659163859568768,0.8063383435992274,0.23649770530990336,0
9.820279175763487,-1.793489728451371,2.1903725993265106,3.4509109027864064,-0.577256591772569,0.8325780784624364,0.5372192466726078,0
9.690972250023979,-1.4061144149317952,2.0210117342644045,3.258242864830418,-0.7370113168680172,0.7915453934228304,0.5294888906863219,0
9.743215568458718,-1.4108871545465078,2.3611285680908973,3.2483551177598797,-0.7520803830263689,0.9342028876530766,0.5555986853385136,0
9.765564777988551,-1.1865902987578332,2.20244361205271,3.1910093512818754,-0.8397490625675138,1.1248417069105863,0.6213346204018269,0
9.84586059563586,-1.2986084925867676,2.4165051726444697,3.564042289399984,-0.751728927578745,1.280955952784139,0.8994148790710108,0
9.700857433762852,-1.5700607793024421,1.7946540032862046,3.6530345768632886,-0.6062393933658118,1.2223725123071236,0.8865403285921509,1
9.893826738200211,-1.3930027242166192,2.0712496064586063,3.3805006239433784,-0.7112177480138263,1.2470974851039445,0.9054475444402791,0
9.710543091018861,-1.5783313099347898,1.7358257022897776,3.3503936863029002,-0.6792905966401805,1.2051004820468127,0.9054982000225408,0
9.785379829792241,-1.5281372090315932,1.6648097347952864,3.3686991708997494,-0.7786138082184463,1.1250172726418697,0.9226228315991264,0
9.713443836418579,-1.2950647160695437,1.8571956932624452,3.495921216944489,-0.7871269369302302,1.541638084229553,1.3066360424192973,0
10.109379878045786,-1.1027729854718054,2.0151648529782977,3.416952057986876,-0.9398729484191313,1.6049471501864507,1.3153365054422905,0
10.003751418985294,-1.2894209372128893,2.012844217764902,3.4450790069908774,-0.7533489639735639,1.7367323130467358,1.3185001846729827,0
9.872614753822715,-1.499530435821849,1.8701959728305924,3.7274196817005536,-0.6133499547626515,1.8316936396675438,1.3147427616740215,1
9.745567130794859,-1.526836630150735,1.6386847192261205,3.7059041810521545,-0.5330149158651843,1.8667248345862262,1.5983625995811366,1
10.04011121750321,-0.6312971192096032,2.2381512022893877,3.0159184091232647,-1.073545492262612,1.7669635010167537,1.622126022303108,0
10.38951261398632,-0.5892085674937365,2.4084623618982084,3.057998286644732,-1.1504391976624906,1.6735960021651044,1.6138873377231315,0
10.434396487032991,-0.30593434815340437,2.462045364816786,2.903420865931189,-1.341596403080612,1.5937078774333762,1.6177963275815885,0
10.423083016070136,-0.20729642517919392,2.555024798382608,2.8999640007548084,-1.3487853747103313,1.4272449375077492,1.8598911645127678,0
10.65488687329498,-0.258650206829819,2.785212154164869,2.9860313997667087,-1.3270891553843713,1.2659534029976982,1.7887523554081408,0
10.64431577557534,-0.2268028166854065,2.8004463940719715,3.0742211797491468,-1.3778883722110606,1.2237588478187427,1.7797238743823929,0
10.661985474876769,-0.27579293587656234,2.7565318937866268,3.220412522647746,-1.3386211948299165,1.0703780079629734,1.7116175916311707,0
10.740514035324605,-0.045394946063072504,2.8822472907229204,3.1712876239662693,-1.4902568968083658,0.8729536708789207,1.6650762531234449,0
10.828101401941476,-0.06828753673330085,3.2525649751662855,3.2263175442164447,-1.5271024912009568,1.6288195788050732,-1.3966470292816016,0
10.661099700626215,0.5653017659020135,3.2464354251494583,2.8718953482742102,-1.7691211504427613,1.9102007999683026,-1.292019010958307,0
10.82242044495499,0.5296330299141444,3.278189656131001,2.9640636789774435,-1.7965515363845785,1.9197659885158438,-1.2992976360604438,0
10.971066694280829,0.49551832821128117,3.399026570724492,3.0705417552915897,-1.793395857682488,2.0526512642688424,-1.2660803194470536,0
10.800461402704304,0.4551884206641386,3.190975908187412,3.049578542347029,-1.7540147802768282,2.018264129843062,-1.0059909744449211,0
10.973807219778775,0.8666161831222622,3.5781691238397193,2.8267278826251725,-2.0327491648613996,2.192603746780743,-0.9572087180356974,0
10.85163076999902,1.2906168829893323,3.614049398010251,2.667857316595302,-2.2559955439795503,2.2464317583001012,-0.955833217434528,0
10.45901671340603,1.1070755394573677,3.6286719175798963,2.616947830914759,-2.167216639263205,2.4341129797230177,-0.8722930022780404,0
10.37207494822234,1.0818218819318386,3.188995536967558,2.5039367812933544,-2.1298784370453796,2.259503542844134,-0.5980907944682853,0
10.13992497893279,1.3011140337355018,3.0458717717198813,2.258644599348376,-2.1826713128486634,2.0905180695452796,-0.6167377015614056,0
10.318387887717464,1.611820415837119,3.329853022273511,2.0031343166744624,-2.3515417379699115,2.2080428087147626,-0.5845373873890352,0
10.303830136485402,1.4693049761511696,2.8799053480404995,2.0676415865988473,-2.301471963738749,2.0182950346335393,-0.6385148305195096,0
10.197478783165037,1.6702857669394888,2.7690467507106105,1.8273170039688054,-2.405183864852686,1.901072220707954,-0.6588485466686347,0
10.482357251384876,1.7212676078719429,3.1354751860833567,1.9817731906265603,-2.352822773982415,2.143805318685699,-0.30398242940622233,0
10.57125151705839,1.7265565740221303,3.281168806180723,1.9596648056427393,-2.343064350047518,2.1244869900948897,-0.2968544649767162,0
10.58508261658387,1.7073672438999432,3.5808340458293855,2.134317679665877,-2.2811950495471995,2.1419888304060204,-0.2946540805116026,0
